contact,residue 1 position,residue 1,atom 1,residue 2 position,residue 2,atom 2,frames with contact,total frames,proportion frames (%)
PHE714_HB3-TRP826_HZ2,714,PHE,HB3,826,TRP,HZ2,22006,245000,9.0
PHE714_HB3-TRP826_HH2,714,PHE,HB3,826,TRP,HH2,12562,245000,5.1
SER715_HB2-LEU902_H,715,SER,HB2,902,LEU,H,11620,245000,4.7
SER715_HB2-LEU902_HB2,715,SER,HB2,902,LEU,HB2,2887,245000,1.2
SER715_HB2-GLY903_H,715,SER,HB2,903,GLY,H,11300,245000,4.6
SER715_HB3-LEU902_H,715,SER,HB3,902,LEU,H,11417,245000,4.7
SER715_HB3-LEU902_HB2,715,SER,HB3,902,LEU,HB2,12167,245000,5.0
SER715_OG-LEU902_H,715,SER,OG,902,LEU,H,11738,245000,4.8
SER715_OG-LEU902_HB2,715,SER,OG,902,LEU,HB2,14847,245000,6.1
SER715_OG-GLY903_N,715,SER,OG,903,GLY,N,12255,245000,5.0
SER715_OG-GLY903_H,715,SER,OG,903,GLY,H,14295,245000,5.8
SER715_HG-TRP826_HE1,715,SER,HG,826,TRP,HE1,26877,245000,11.0
SER715_HG-LEU902_H,715,SER,HG,902,LEU,H,15805,245000,6.5
SER715_HG-GLY903_H,715,SER,HG,903,GLY,H,17163,245000,7.0
SER715_C-TRP826_HE1,715,SER,C,826,TRP,HE1,25814,245000,10.5
SER715_C-TRP826_HZ2,715,SER,C,826,TRP,HZ2,2975,245000,1.2
SER715_C-ARG901_HA,715,SER,C,901,ARG,HA,2569,245000,1.0
SER715_C-LEU902_H,715,SER,C,902,LEU,H,12972,245000,5.3
PRO716_HD3-GLY903_HA3,716,PRO,HD3,903,GLY,HA3,13287,245000,5.4
GLU718_N-ARG339_HG2,718,GLU,N,339,ARG,HG2,10367,245000,4.2
GLU718_OE1-ARG339_HE,718,GLU,OE1,339,ARG,HE,31296,245000,12.8
GLU718_OE1-ARG339_HH21,718,GLU,OE1,339,ARG,HH21,108879,245000,44.4
GLU718_OE2-ARG339_HE,718,GLU,OE2,339,ARG,HE,68601,245000,28.0
GLU718_OE2-ARG339_HH21,718,GLU,OE2,339,ARG,HH21,95270,245000,38.9
GLU718_C-ARG339_HE,718,GLU,C,339,ARG,HE,67523,245000,27.6
GLU718_C-ARG339_HH21,718,GLU,C,339,ARG,HH21,95581,245000,39.0
ALA720_CB-ASP825_OD2,720,ALA,CB,825,ASP,OD2,51633,245000,21.1
PHE721_CA-ASP825_CG,721,PHE,CA,825,ASP,CG,102499,245000,41.8
PHE721_CA-ASP825_OD1,721,PHE,CA,825,ASP,OD1,104818,245000,42.8
PHE721_CA-ASP825_OD2,721,PHE,CA,825,ASP,OD2,105102,245000,42.9
PHE721_CA-THR904_HG1,721,PHE,CA,904,THR,HG1,68638,245000,28.0
PHE721_CB-ASP823_O,721,PHE,CB,823,ASP,O,76812,245000,31.4
PHE721_CE1-CYS824_HA,721,PHE,CE1,824,CYS,HA,44089,245000,18.0
ALA722_H-ASP825_OD1,722,ALA,H,825,ASP,OD1,23474,245000,9.6
ALA722_CA-ASP825_OD1,722,ALA,CA,825,ASP,OD1,42752,245000,17.4
ALA723_CA-ASP825_OD1,723,ALA,CA,825,ASP,OD1,11374,245000,4.6
ALA723_HB1-ASP825_HA,723,ALA,HB1,825,ASP,HA,29108,245000,11.9
ALA723_HB2-ASP825_HA,723,ALA,HB2,825,ASP,HA,31233,245000,12.7
ALA723_HB3-ASP825_HA,723,ALA,HB3,825,ASP,HA,29404,245000,12.0
ALA723_C-ASP825_HA,723,ALA,C,825,ASP,HA,28935,245000,11.8
PRO726_N-ARG872_HE,726,PRO,N,872,ARG,HE,2848,245000,1.2
PRO726_N-ARG872_HH21,726,PRO,N,872,ARG,HH21,2980,245000,1.2
ARG791_HE-GLU851_OE1,791,ARG,HE,851,GLU,OE1,112728,245000,46.0
ARG791_CZ-GLU851_CD,791,ARG,CZ,851,GLU,CD,135629,245000,55.4
ARG791_CZ-GLU851_OE1,791,ARG,CZ,851,GLU,OE1,172378,245000,70.4
ARG791_CZ-GLU851_OE2,791,ARG,CZ,851,GLU,OE2,73191,245000,29.9
ARG791_HH21-GLU851_OE2,791,ARG,HH21,851,GLU,OE2,80238,245000,32.8
ARG791_HH22-GLU851_CD,791,ARG,HH22,851,GLU,CD,235860,245000,96.3
ARG791_HH22-GLU851_OE1,791,ARG,HH22,851,GLU,OE1,229184,245000,93.5
ARG791_HH22-GLU851_OE2,791,ARG,HH22,851,GLU,OE2,226756,245000,92.6
ARG800_CD-GLU821_HB3,800,ARG,CD,821,GLU,HB3,3187,245000,1.3
ARG800_CZ-GLU821_HB3,800,ARG,CZ,821,GLU,HB3,4463,245000,1.8
ARG800_CZ-GLU821_O,800,ARG,CZ,821,GLU,O,4518,245000,1.8
ARG800_NH2-ASP823_OD2,800,ARG,NH2,823,ASP,OD2,3247,245000,1.3
ARG800_HH21-GLU821_O,800,ARG,HH21,821,GLU,O,99831,245000,40.7
ARG800_HH21-ASP823_OD2,800,ARG,HH21,823,ASP,OD2,3802,245000,1.6
ARG800_HH22-GLU821_C,800,ARG,HH22,821,GLU,C,2887,245000,1.2
ARG800_HH22-GLU821_O,800,ARG,HH22,821,GLU,O,4907,245000,2.0
ARG800_C-ASP823_CG,800,ARG,C,823,ASP,CG,4708,245000,1.9
ARG800_C-ASP823_OD2,800,ARG,C,823,ASP,OD2,4145,245000,1.7
THR801_HG1-SER818_H,801,THR,HG1,818,SER,H,2534,245000,1.0
PHE721_CE1-ASP823_O,721,PHE,CE1,823,ASP,O,8027,245000,3.3
PHE721_CZ-LYS813_HE2,721,PHE,CZ,813,LYS,HE2,17677,245000,7.2
PHE721_CZ-GLY933_O,721,PHE,CZ,933,GLY,O,7715,245000,3.1
PHE721_CE2-GLY933_HA2,721,PHE,CE2,933,GLY,HA2,32631,245000,13.3
PHE721_CE2-GLY933_HA3,721,PHE,CE2,933,GLY,HA3,36874,245000,15.1
PRO724_HD3-ARG872_HB2,724,PRO,HD3,872,ARG,HB2,80022,245000,32.7
PRO724_HB3-ARG872_HB3,724,PRO,HB3,872,ARG,HB3,30151,245000,12.3
ALA725_N-ARG872_HE,725,ALA,N,872,ARG,HE,40751,245000,16.6
ALA725_N-ARG872_NH2,725,ALA,N,872,ARG,NH2,28548,245000,11.7
ALA725_N-ARG872_HH21,725,ALA,N,872,ARG,HH21,42585,245000,17.4
PRO726_N-ASP823_HA,726,PRO,N,823,ASP,HA,65463,245000,26.7
PRO726_CG-ASP823_HA,726,PRO,CG,823,ASP,HA,165578,245000,67.6
PRO726_CG-ASP823_HB3,726,PRO,CG,823,ASP,HB3,183875,245000,75.1
TRP742_HE1-GLU851_OE2,742,TRP,HE1,851,GLU,OE2,37792,245000,15.4
TRP742_CE2-GLU851_CD,742,TRP,CE2,851,GLU,CD,38180,245000,15.6
TRP742_CE2-GLU851_OE2,742,TRP,CE2,851,GLU,OE2,44206,245000,18.0
TRP742_CH2-GLU851_HG2,742,TRP,CH2,851,GLU,HG2,35145,245000,14.3
ARG791_HB3-GLU851_OE1,791,ARG,HB3,851,GLU,OE1,9831,245000,4.0
ARG791_HH21-GLU851_OE1,791,ARG,HH21,851,GLU,OE1,88267,245000,36.0
LYS792_HB3-PRO850_HB2,792,LYS,HB3,850,PRO,HB2,37999,245000,15.5
PRO795_CG-PRO850_HG2,795,PRO,CG,850,PRO,HG2,25327,245000,10.3
PRO795_CG-PRO850_HG3,795,PRO,CG,850,PRO,HG3,34855,245000,14.2
PRO795_HB3-GLN847_HG3,795,PRO,HB3,847,GLN,HG3,42631,245000,17.4
PRO795_CA-GLN847_HA,795,PRO,CA,847,GLN,HA,24671,245000,10.1
PRO797_N-GLN847_HE22,797,PRO,N,847,GLN,HE22,48211,245000,19.7
ARG800_N-SER818_HB3,800,ARG,N,818,SER,HB3,37266,245000,15.2
ARG800_CB-SER818_O,800,ARG,CB,818,SER,O,28215,245000,11.5
ARG800_CG-ARG848_HD3,800,ARG,CG,848,ARG,HD3,50077,245000,20.4
ARG800_CZ-GLU821_CD,800,ARG,CZ,821,GLU,CD,64678,245000,26.4
ARG800_CZ-GLU821_OE1,800,ARG,CZ,821,GLU,OE1,58439,245000,23.9
ARG800_CZ-GLU821_OE2,800,ARG,CZ,821,GLU,OE2,58825,245000,24.0
ARG800_CZ-ARG848_HE,800,ARG,CZ,848,ARG,HE,39432,245000,16.1
ARG800_HH22-GLU821_CD,800,ARG,HH22,821,GLU,CD,78125,245000,31.9
ARG800_HH22-GLU821_OE1,800,ARG,HH22,821,GLU,OE1,62889,245000,25.7
ARG800_HH22-GLU821_OE2,800,ARG,HH22,821,GLU,OE2,62841,245000,25.6
THR801_CA-SER818_H,801,THR,CA,818,SER,H,43114,245000,17.6
THR801_CA-SER818_O,801,THR,CA,818,SER,O,46615,245000,19.0
PHE721_C-CYS824_HA,721,PHE,C,824,CYS,HA,26010,245000,10.6
PRO724_HG3-ARG872_HB3,724,PRO,HG3,872,ARG,HB3,49697,245000,20.3
PRO726_HD3-ASP823_HB3,726,PRO,HD3,823,ASP,HB3,16073,245000,6.6
PRO726_CG-ASP823_N,726,PRO,CG,823,ASP,N,17581,245000,7.2
TRP742_HE1-PRO871_HB3,742,TRP,HE1,871,PRO,HB3,7706,245000,3.1
TRP742_CE2-PRO871_HG3,742,TRP,CE2,871,PRO,HG3,15851,245000,6.5
ARG791_N-GLU851_HG2,791,ARG,N,851,GLU,HG2,24338,245000,9.9
ARG791_CB-GLU851_OE1,791,ARG,CB,851,GLU,OE1,28853,245000,11.8
LYS792_H-GLU851_OE1,792,LYS,H,851,GLU,OE1,23278,245000,9.5
LYS792_CA-GLU851_CD,792,LYS,CA,851,GLU,CD,19127,245000,7.8
LYS792_CA-GLU851_OE1,792,LYS,CA,851,GLU,OE1,38141,245000,15.6
PRO795_CB-GLN847_O,795,PRO,CB,847,GLN,O,15698,245000,6.4
ARG800_HH21-GLU821_OE2,800,ARG,HH21,821,GLU,OE2,15349,245000,6.3
PHE714_CE2-ASP825_HB3,714,PHE,CE2,825,ASP,HB3,29018,245000,11.8
PHE714_CD2-ASP825_HB3,714,PHE,CD2,825,ASP,HB3,7666,245000,3.1
PRO717_HD3-ARG339_HG3,717,PRO,HD3,339,ARG,HG3,24763,245000,10.1
PRO717_HD3-ARG339_HE,717,PRO,HD3,339,ARG,HE,25969,245000,10.6
ALA720_CB-ASP825_OD1,720,ALA,CB,825,ASP,OD1,36599,245000,14.9
ALA722_CA-ASP825_OD2,722,ALA,CA,825,ASP,OD2,54029,245000,22.1
ARG800_CB-SER818_HB3,800,ARG,CB,818,SER,HB3,33714,245000,13.8
ARG800_HG3-ARG848_NE,800,ARG,HG3,848,ARG,NE,7877,245000,3.2
ARG800_HG3-ARG848_HE,800,ARG,HG3,848,ARG,HE,9895,245000,4.0
ARG800_HH21-GLU821_OE1,800,ARG,HH21,821,GLU,OE1,15389,245000,6.3
PHE714_CZ-ASP825_HB3,714,PHE,CZ,825,ASP,HB3,50512,245000,20.6
PHE714_CZ-GLY903_HA3,714,PHE,CZ,903,GLY,HA3,8626,245000,3.5
PHE714_CE2-PRO873_HG2,714,PHE,CE2,873,PRO,HG2,7934,245000,3.2
PRO716_N-LEU902_HB3,716,PRO,N,902,LEU,HB3,19517,245000,8.0
PRO716_C-LEU902_HB3,716,PRO,C,902,LEU,HB3,22256,245000,9.1
PRO717_CG-LEU902_HB3,717,PRO,CG,902,LEU,HB3,20196,245000,8.2
PRO717_CB-GLY903_H,717,PRO,CB,903,GLY,H,15708,245000,6.4
GLU718_OE2-ARG339_NH2,718,GLU,OE2,339,ARG,NH2,15522,245000,6.3
PHE721_CD2-LYS813_HE2,721,PHE,CD2,813,LYS,HE2,15768,245000,6.4
PRO724_HD3-ARG872_HB3,724,PRO,HD3,872,ARG,HB3,19903,245000,8.1
ASP727_CA-ARG848_HH21,727,ASP,CA,848,ARG,HH21,29593,245000,12.1
GLY728_N-ARG848_HH22,728,GLY,N,848,ARG,HH22,32648,245000,13.3
LYS792_HZ1-PRO850_O,792,LYS,HZ1,850,PRO,O,20418,245000,8.3
PRO795_HB3-GLN847_HA,795,PRO,HB3,847,GLN,HA,18293,245000,7.5
PHE714_CE1-LEU902_HB2,714,PHE,CE1,902,LEU,HB2,8683,245000,3.5
PRO717_C-GLY903_HA2,717,PRO,C,903,GLY,HA2,18563,245000,7.6
ALA722_H-ASP825_OD2,722,ALA,H,825,ASP,OD2,21946,245000,9.0
ASP727_O-ARG848_HH22,727,ASP,O,848,ARG,HH22,18642,245000,7.6
GLY728_N-ARG848_NH2,728,GLY,N,848,ARG,NH2,12090,245000,4.9
VAL743_CG1-PRO850_HD2,743,VAL,CG1,850,PRO,HD2,11146,245000,4.5
PRO789_HD3-HIE854_HE1,789,PRO,HD3,854,HIE,HE1,9821,245000,4.0
PRO789_HB3-HIE854_HA,789,PRO,HB3,854,HIE,HA,11602,245000,4.7
PRO789_HB3-HIE854_ND1,789,PRO,HB3,854,HIE,ND1,8310,245000,3.4
ALA790_CA-HIE854_ND1,790,ALA,CA,854,HIE,ND1,9077,245000,3.7
ALA790_CB-GLU851_HA,790,ALA,CB,851,GLU,HA,7532,245000,3.1
ALA790_CB-HIE854_HB2,790,ALA,CB,854,HIE,HB2,12228,245000,5.0
ARG791_N-GLU851_HA,791,ARG,N,851,GLU,HA,8645,245000,3.5
LYS792_HD3-PRO850_HB2,792,LYS,HD3,850,PRO,HB2,9229,245000,3.8
LYS792_HE3-TYR846_HE2,792,LYS,HE3,846,TYR,HE2,8198,245000,3.3
LYS792_HZ1-PHE853_O,792,LYS,HZ1,853,PHE,O,9979,245000,4.1
PRO795_CB-PRO850_HG3,795,PRO,CB,850,PRO,HG3,8270,245000,3.4
PRO796_O-GLN847_HE22,796,PRO,O,847,GLN,HE22,7812,245000,3.2
ARG800_CZ-ARG848_HH21,800,ARG,CZ,848,ARG,HH21,8390,245000,3.4
PHE714_CG-TRP826_HZ2,714,PHE,CG,826,TRP,HZ2,16901,245000,6.9
PHE714_CE1-ASP825_HB3,714,PHE,CE1,825,ASP,HB3,18471,245000,7.5
PRO716_C-LEU902_HG,716,PRO,C,902,LEU,HG,20732,245000,8.5
PRO717_CG-GLY903_H,717,PRO,CG,903,GLY,H,20113,245000,8.2
PRO794_CA-GLN847_HA,794,PRO,CA,847,GLN,HA,32507,245000,13.3
PHE714_CZ-ASP825_HA,714,PHE,CZ,825,ASP,HA,7648,245000,3.1
PRO717_CG-LEU902_HG,717,PRO,CG,902,LEU,HG,8391,245000,3.4
PRO717_CG-LEU902_CD1,717,PRO,CG,902,LEU,CD1,7635,245000,3.1
PHE721_H-ASP825_OD1,721,PHE,H,825,ASP,OD1,7987,245000,3.3
PRO726_CA-GLU821_HB3,726,PRO,CA,821,GLU,HB3,10711,245000,4.4
ASP727_CA-GLU821_CD,727,ASP,CA,821,GLU,CD,107439,245000,43.9
ASP727_CA-GLU821_OE1,727,ASP,CA,821,GLU,OE1,28204,245000,11.5
GLY729_N-ARG848_NH2,729,GLY,N,848,ARG,NH2,28157,245000,11.5
GLY729_N-ARG848_HH22,729,GLY,N,848,ARG,HH22,45082,245000,18.4
GLY729_C-PRO871_HB2,729,GLY,C,871,PRO,HB2,106774,245000,43.6
LEU730_N-ARG848_HH12,730,LEU,N,848,ARG,HH12,43852,245000,17.9
PRO731_HD2-PRO850_HD2,731,PRO,HD2,850,PRO,HD2,84860,245000,34.6
PRO731_HD3-ARG848_O,731,PRO,HD3,848,ARG,O,113849,245000,46.5
PRO731_HD3-PRO850_HD2,731,PRO,HD3,850,PRO,HD2,118949,245000,48.6
PRO731_CG-PRO850_HD2,731,PRO,CG,850,PRO,HD2,123203,245000,50.3
VAL741_CG1-GLU851_HG3,741,VAL,CG1,851,GLU,HG3,146030,245000,59.6
VAL741_CG1-GLU851_OE1,741,VAL,CG1,851,GLU,OE1,35582,245000,14.5
TRP742_H-GLU851_OE1,742,TRP,H,851,GLU,OE1,35739,245000,14.6
TRP742_CA-GLU851_OE1,742,TRP,CA,851,GLU,OE1,50912,245000,20.8
VAL743_H-GLU851_OE1,743,VAL,H,851,GLU,OE1,25900,245000,10.6
VAL743_CA-GLU851_CD,743,VAL,CA,851,GLU,CD,102464,245000,41.8
VAL743_CA-GLU851_OE1,743,VAL,CA,851,GLU,OE1,50407,245000,20.6
VAL743_CG1-GLU851_HG2,743,VAL,CG1,851,GLU,HG2,109206,245000,44.6
VAL743_CG1-GLU851_CD,743,VAL,CG1,851,GLU,CD,58656,245000,23.9
ALA790_CB-PRO837_HG3,790,ALA,CB,837,PRO,HG3,16284,245000,6.6
ARG791_HE-GLU851_OE2,791,ARG,HE,851,GLU,OE2,38941,245000,15.9
LYS792_CG-TYR846_HH,792,LYS,CG,846,TYR,HH,98101,245000,40.0
LYS792_HG3-TYR846_HH,792,LYS,HG3,846,TYR,HH,8081,245000,3.3
PRO793_N-TYR846_HH,793,PRO,N,846,TYR,HH,135837,245000,55.4
PRO794_CG-PRO850_HG3,794,PRO,CG,850,PRO,HG3,115544,245000,47.2
PRO794_CG-PRO850_HB3,794,PRO,CG,850,PRO,HB3,131821,245000,53.8
PRO794_CB-PRO850_HG3,794,PRO,CB,850,PRO,HG3,114413,245000,46.7
PRO794_CB-PRO850_HB3,794,PRO,CB,850,PRO,HB3,106940,245000,43.6
PRO794_HB3-GLN847_HA,794,PRO,HB3,847,GLN,HA,131110,245000,53.5
PRO794_C-TYR846_OH,794,PRO,C,846,TYR,OH,7673,245000,3.1
PHE714_HE1-PRO873_HG2,714,PHE,HE1,873,PRO,HG2,8303,245000,3.4
PHE714_CZ-PRO873_HG2,714,PHE,CZ,873,PRO,HG2,7976,245000,3.3
SER715_HB3-LEU902_HB3,715,SER,HB3,902,LEU,HB3,7611,245000,3.1
SER715_HB3-LEU902_HG,715,SER,HB3,902,LEU,HG,8269,245000,3.4
SER715_OG-LEU902_HG,715,SER,OG,902,LEU,HG,11686,245000,4.8
PRO717_CA-THR342_HB,717,PRO,CA,342,THR,HB,11460,245000,4.7
PRO717_C-ARG339_HG3,717,PRO,C,339,ARG,HG3,8187,245000,3.3
GLU718_N-ARG339_HE,718,GLU,N,339,ARG,HE,9516,245000,3.9
GLU718_C-ARG339_NH2,718,GLU,C,339,ARG,NH2,7534,245000,3.1
ALA722_CA-ASP825_CG,722,ALA,CA,825,ASP,CG,11021,245000,4.5
ALA723_CA-ASP825_OD2,723,ALA,CA,825,ASP,OD2,9127,245000,3.7
ASP727_CA-GLU821_CG,727,ASP,CA,821,GLU,CG,98878,245000,40.4
ASP727_CA-GLU821_HG2,727,ASP,CA,821,GLU,HG2,101434,245000,41.4
ASP727_CA-GLU821_HG3,727,ASP,CA,821,GLU,HG3,109661,245000,44.8
ASP727_CB-GLU821_HG2,727,ASP,CB,821,GLU,HG2,112711,245000,46.0
ASP727_CB-ARG848_HH21,727,ASP,CB,848,ARG,HH21,71082,245000,29.0
ASP727_CG-ARG848_HH21,727,ASP,CG,848,ARG,HH21,48728,245000,19.9
ASP727_OD1-ARG848_HH21,727,ASP,OD1,848,ARG,HH21,65627,245000,26.8
GLY728_C-ARG872_HB3,728,GLY,C,872,ARG,HB3,17201,245000,7.0
PRO731_HD3-PHE849_HA,731,PRO,HD3,849,PHE,HA,45978,245000,18.8
PRO731_HD3-PHE849_HD1,731,PRO,HD3,849,PHE,HD1,27835,245000,11.4
PRO731_HG3-ARG848_O,731,PRO,HG3,848,ARG,O,71525,245000,29.2
PRO731_CB-PRO850_HD2,731,PRO,CB,850,PRO,HD2,59611,245000,24.3
LEU732_N-ARG848_NH1,732,LEU,N,848,ARG,NH1,104351,245000,42.6
LEU732_N-ARG848_HH12,732,LEU,N,848,ARG,HH12,79579,245000,32.5
GLY733_N-ARG848_HH22,733,GLY,N,848,ARG,HH22,38548,245000,15.7
VAL741_HG13-GLU851_HB3,741,VAL,HG13,851,GLU,HB3,7587,245000,3.1
PRO794_CB-TYR846_O,794,PRO,CB,846,TYR,O,83685,245000,34.2
PRO794_CB-GLN847_HA,794,PRO,CB,847,GLN,HA,81683,245000,33.3
PRO794_CA-TYR846_CE2,794,PRO,CA,846,TYR,CE2,24038,245000,9.8
PRO796_N-GLN847_HE22,796,PRO,N,847,GLN,HE22,85585,245000,34.9
ARG800_CZ-SER818_O,800,ARG,CZ,818,SER,O,24668,245000,10.1
ARG800_CZ-LEU819_HB2,800,ARG,CZ,819,LEU,HB2,21700,245000,8.9
ARG800_HH11-GLU821_HB3,800,ARG,HH11,821,GLU,HB3,18572,245000,7.6
ARG800_NH2-GLU821_HG3,800,ARG,NH2,821,GLU,HG3,20191,245000,8.2
ARG800_NH2-GLU821_O,800,ARG,NH2,821,GLU,O,102063,245000,41.7
ARG800_HH22-SER818_O,800,ARG,HH22,818,SER,O,24552,245000,10.0
ARG800_HH22-TYR937_OH,800,ARG,HH22,937,TYR,OH,23187,245000,9.5
ARG800_HH22-TYR937_HH,800,ARG,HH22,937,TYR,HH,21939,245000,9.0
ARG800_C-GLU821_C,800,ARG,C,821,GLU,C,99746,245000,40.7
ARG800_C-GLU821_O,800,ARG,C,821,GLU,O,114225,245000,46.6
PRO726_C-SER822_O,726,PRO,C,822,SER,O,65866,245000,26.9
ASP727_CG-ARG848_HH22,727,ASP,CG,848,ARG,HH22,7508,245000,3.1
ASP727_OD2-ARG848_HH21,727,ASP,OD2,848,ARG,HH21,7762,245000,3.2
GLY728_CA-GLU821_OE1,728,GLY,CA,821,GLU,OE1,9593,245000,3.9
SER751_N-GLY838_HA3,751,SER,N,838,GLY,HA3,67661,245000,27.6
SER751_N-GLY839_H,751,SER,N,839,GLY,H,77801,245000,31.8
SER751_CB-GLY838_HA3,751,SER,CB,838,GLY,HA3,79991,245000,32.6
SER751_HG-ARG883_HH11,751,SER,HG,883,ARG,HH11,59899,245000,24.4
SER751_C-ARG883_HH11,751,SER,C,883,ARG,HH11,60225,245000,24.6
ALA790_HB2-HIE854_HA,790,ALA,HB2,854,HIE,HA,7673,245000,3.1
ALA790_C-HIE854_HA,790,ALA,C,854,HIE,HA,7839,245000,3.2
LYS792_NZ-TYR846_OH,792,LYS,NZ,846,TYR,OH,64475,245000,26.3
LYS792_O-TYR846_HH,792,LYS,O,846,TYR,HH,60342,245000,24.6
PRO793_N-TYR846_OH,793,PRO,N,846,TYR,OH,60481,245000,24.7
PRO794_HB2-GLN847_HA,794,PRO,HB2,847,GLN,HA,32925,245000,13.4
PRO794_HB3-GLN847_HG2,794,PRO,HB3,847,GLN,HG2,75824,245000,30.9
PRO794_C-TYR846_HE2,794,PRO,C,846,TYR,HE2,73629,245000,30.1
PRO797_CA-GLN847_HB3,797,PRO,CA,847,GLN,HB3,88605,245000,36.2
ARG800_NH1-GLU821_HB3,800,ARG,NH1,821,GLU,HB3,74706,245000,30.5
ARG800_NH2-GLU821_HB3,800,ARG,NH2,821,GLU,HB3,8918,245000,3.6
ARG800_HH21-SER818_O,800,ARG,HH21,818,SER,O,9166,245000,3.7
ARG800_HH21-TYR937_HH,800,ARG,HH21,937,TYR,HH,8139,245000,3.3
ARG800_C-TYR937_HH,800,ARG,C,937,TYR,HH,8851,245000,3.6
PRO726_CA-ASP823_HA,726,PRO,CA,823,ASP,HA,67898,245000,27.7
GLY729_C-PRO871_HB3,729,GLY,C,871,PRO,HB3,7551,245000,3.1
LEU732_N-ARG848_HH11,732,LEU,N,848,ARG,HH11,29113,245000,11.9
SER751_HB3-GLY839_H,751,SER,HB3,839,GLY,H,7613,245000,3.1
SER751_C-ARG883_HD3,751,SER,C,883,ARG,HD3,26238,245000,10.7
PRO716_CB-ARG345_HD3,716,PRO,CB,345,ARG,HD3,34309,245000,14.0
ALA723_CA-PRO871_O,723,ALA,CA,871,PRO,O,84953,245000,34.7
PRO726_CB-ASP823_HB3,726,PRO,CB,823,ASP,HB3,49938,245000,20.4
PRO726_CA-SER822_C,726,PRO,CA,822,SER,C,42544,245000,17.4
PRO726_CA-SER822_O,726,PRO,CA,822,SER,O,34203,245000,14.0
ASP727_CA-GLU821_OE2,727,ASP,CA,821,GLU,OE2,8957,245000,3.7
VAL741_CG1-GLU851_OE2,741,VAL,CG1,851,GLU,OE2,53247,245000,21.7
TRP742_H-GLU851_OE2,742,TRP,H,851,GLU,OE2,74441,245000,30.4
TRP742_CA-GLU851_OE2,742,TRP,CA,851,GLU,OE2,87884,245000,35.9
VAL743_CA-GLU851_OE2,743,VAL,CA,851,GLU,OE2,87669,245000,35.8
SER751_HG-GLY839_H,751,SER,HG,839,GLY,H,8720,245000,3.6
SER751_C-GLY839_H,751,SER,C,839,GLY,H,8663,245000,3.5
LYS792_NZ-TYR846_HH,792,LYS,NZ,846,TYR,HH,15537,245000,6.3
PRO796_N-GLN847_NE2,796,PRO,N,847,GLN,NE2,7635,245000,3.1
ARG800_HD3-SER818_O,800,ARG,HD3,818,SER,O,43108,245000,17.6
ARG800_NE-LEU819_HB2,800,ARG,NE,819,LEU,HB2,58980,245000,24.1
ARG800_HH11-SER818_O,800,ARG,HH11,818,SER,O,57855,245000,23.6
ARG800_HH12-SER818_O,800,ARG,HH12,818,SER,O,87214,245000,35.6
ARG800_NH2-TYR937_OH,800,ARG,NH2,937,TYR,OH,74749,245000,30.5
ARG800_NH2-TYR937_HH,800,ARG,NH2,937,TYR,HH,74175,245000,30.3
ARG800_HH21-GLU821_HB3,800,ARG,HH21,821,GLU,HB3,60307,245000,24.6
ARG800_HH21-GLU821_HG3,800,ARG,HH21,821,GLU,HG3,16656,245000,6.8
ARG800_HH22-GLU821_HG3,800,ARG,HH22,821,GLU,HG3,65854,245000,26.9
ARG800_C-GLU821_HG3,800,ARG,C,821,GLU,HG3,57568,245000,23.5
ALA723_H-PRO871_O,723,ALA,H,871,PRO,O,42709,245000,17.4
VAL741_CB-GLU851_OE2,741,VAL,CB,851,GLU,OE2,16989,245000,6.9
VAL743_H-GLU851_OE2,743,VAL,H,851,GLU,OE2,23339,245000,9.5
GLY750_HA3-HIE843_HE1,750,GLY,HA3,843,HIE,HE1,15969,245000,6.5
PRO793_N-TYR846_HE1,793,PRO,N,846,TYR,HE1,24993,245000,10.2
PRO795_HD3-HIE843_HE1,795,PRO,HD3,843,HIE,HE1,15927,245000,6.5
PRO795_HG3-HIE843_HE1,795,PRO,HG3,843,HIE,HE1,16847,245000,6.9
PRO797_C-GLN847_NE2,797,PRO,C,847,GLN,NE2,31558,245000,12.9
PRO797_C-GLN847_HE21,797,PRO,C,847,GLN,HE21,15809,245000,6.5
ARG800_C-GLU821_HB3,800,ARG,C,821,GLU,HB3,33237,245000,13.6
ALA722_CB-PRO871_O,722,ALA,CB,871,PRO,O,15452,245000,6.3
ASP727_C-ARG848_HE,727,ASP,C,848,ARG,HE,8155,245000,3.3
ASP727_C-ARG848_NH2,727,ASP,C,848,ARG,NH2,8154,245000,3.3
ASP727_C-ARG848_HH21,727,ASP,C,848,ARG,HH21,8675,245000,3.5
SER751_HG-ARG883_HD3,751,SER,HG,883,ARG,HD3,7639,245000,3.1
ARG800_N-SER818_HG,800,ARG,N,818,SER,HG,7632,245000,3.1
VAL752_CA-PRO837_O,752,VAL,CA,837,PRO,O,30179,245000,12.3
GLY728_O-ARG848_HH22,728,GLY,O,848,ARG,HH22,16447,245000,6.7
LEU730_N-ARG848_NH1,730,LEU,N,848,ARG,NH1,16485,245000,6.7
PRO731_HG3-ARG848_HA,731,PRO,HG3,848,ARG,HA,17847,245000,7.3
PRO731_CB-PRO850_HG3,731,PRO,CB,850,PRO,HG3,17412,245000,7.1
ALA790_N-PRO837_HG2,790,ALA,N,837,PRO,HG2,8151,245000,3.3
PRO731_CB-PRO850_HD3,731,PRO,CB,850,PRO,HD3,7697,245000,3.1
VAL743_CG1-PRO850_HG2,743,VAL,CG1,850,PRO,HG2,8071,245000,3.3
SER751_HB3-GLY839_HA3,751,SER,HB3,839,GLY,HA3,8390,245000,3.4
