neighbors,residue 1 position,residue 1,atom 1,residue 2 position,residue 2,atom 2,frames with contact,total frames,proportion frames (%)
PHE714_CA-GLY579_O,714,PHE,CA,579,GLY,O,49019,245000,20.0
PHE714_CB-HIE581_ND1,714,PHE,CB,581,HIE,ND1,47986,245000,19.6
PHE714_HB3-HIE581_HB3,714,PHE,HB3,581,HIE,HB3,21177,245000,8.6
SER744_OG-THR1406_HA,744,SER,OG,1406,THR,HA,21536,245000,8.8
SER744_HG-THR1406_HA,744,SER,HG,1406,THR,HA,20725,245000,8.5
SER750_C-GLN1422_O,750,SER,C,1422,GLN,O,25320,245000,10.3
PHE766_N-SER1425_HA,766,PHE,N,1425,SER,HA,214992,245000,87.8
PHE766_N-SER1425_HG,766,PHE,N,1425,SER,HG,51860,245000,21.2
PHE766_N-ALA1426_H,766,PHE,N,1426,ALA,H,234087,245000,95.5
PHE766_HB3-ALA1426_H,766,PHE,HB3,1426,ALA,H,2503,245000,1.0
ARG767_CB-ASP1423_O,767,ARG,CB,1423,ASP,O,15194,245000,6.2
ARG767_CG-SER1425_HB2,767,ARG,CG,1425,SER,HB2,19428,245000,7.9
ARG768_CA-ASP1423_O,768,ARG,CA,1423,ASP,O,164456,245000,67.1
ARG768_NH1-GLY1424_HA3,768,ARG,NH1,1424,GLY,HA3,22107,245000,9.0
ARG768_NH2-GLY1424_O,768,ARG,NH2,1424,GLY,O,26350,245000,10.8
ARG768_HH21-GLY1424_HA3,768,ARG,HH21,1424,GLY,HA3,10665,245000,4.4
GLU769_N-ASP1423_HB3,769,GLU,N,1423,ASP,HB3,134011,245000,54.7
ASP771_CA-ASP1423_HB3,771,ASP,CA,1423,ASP,HB3,150587,245000,61.5
ASP771_CB-ASP1423_HB3,771,ASP,CB,1423,ASP,HB3,35729,245000,14.6
ASN772_HD21-ASP1423_OD2,772,ASN,HD21,1423,ASP,OD2,73039,245000,29.8
ASN772_C-ASP1423_CG,772,ASN,C,1423,ASP,CG,177911,245000,72.6
ASN772_C-ASP1423_OD1,772,ASN,C,1423,ASP,OD1,168550,245000,68.8
ASN772_C-ASP1423_OD2,772,ASN,C,1423,ASP,OD2,151648,245000,61.9
ARG774_CZ-ASP1423_OD1,774,ARG,CZ,1423,ASP,OD1,146896,245000,60.0
ARG774_CZ-ASP1423_OD2,774,ARG,CZ,1423,ASP,OD2,144599,245000,59.0
ARG774_NH2-VAL1418_O,774,ARG,NH2,1418,VAL,O,183900,245000,75.1
ARG774_HH21-MET1417_O,774,ARG,HH21,1417,MET,O,15658,245000,6.4
ARG774_HH21-ASP1423_OD2,774,ARG,HH21,1423,ASP,OD2,71064,245000,29.0
ARG774_HH22-ASP1423_CG,774,ARG,HH22,1423,ASP,CG,128989,245000,52.6
ARG774_HH22-ASP1423_OD1,774,ARG,HH22,1423,ASP,OD1,131370,245000,53.6
ARG774_HH22-ASP1423_OD2,774,ARG,HH22,1423,ASP,OD2,132286,245000,54.0
ARG774_C-MET1417_O,774,ARG,C,1417,MET,O,18755,245000,7.7
ARG774_C-VAL1418_HA,774,ARG,C,1418,VAL,HA,13296,245000,5.4
LYS775_N-SER1425_HB2,775,LYS,N,1425,SER,HB2,30555,245000,12.5
LYS775_CA-SER1425_CB,775,LYS,CA,1425,SER,CB,34440,245000,14.1
LYS775_CA-SER1425_HB2,775,LYS,CA,1425,SER,HB2,41515,245000,16.9
LYS775_CA-SER1425_HB3,775,LYS,CA,1425,SER,HB3,21122,245000,8.6
LYS775_CA-SER1425_OG,775,LYS,CA,1425,SER,OG,43689,245000,17.8
LYS775_CA-SER1425_HG,775,LYS,CA,1425,SER,HG,24270,245000,9.9
SER776_CB-GLN1422_HG3,776,SER,CB,1422,GLN,HG3,12156,245000,5.0
SER776_CB-GLN1422_CD,776,SER,CB,1422,GLN,CD,11129,245000,4.5
SER776_CB-GLN1422_NE2,776,SER,CB,1422,GLN,NE2,65601,245000,26.8
SER776_CB-GLN1422_HE21,776,SER,CB,1422,GLN,HE21,12445,245000,5.1
SER776_CB-GLN1422_HE22,776,SER,CB,1422,GLN,HE22,55577,245000,22.7
SER776_HB2-LEU1428_H,776,SER,HB2,1428,LEU,H,11959,245000,4.9
SER776_HB3-LEU1428_H,776,SER,HB3,1428,LEU,H,43431,245000,17.7
SER776_HB3-LEU1428_HB2,776,SER,HB3,1428,LEU,HB2,21287,245000,8.7
SER776_HB3-LEU1428_HG,776,SER,HB3,1428,LEU,HG,71254,245000,29.1
SER776_OG-LEU1428_HB2,776,SER,OG,1428,LEU,HB2,32020,245000,13.1
SER776_HG-VAL1427_H,776,SER,HG,1427,VAL,H,117179,245000,47.8
SER776_HG-LEU1428_H,776,SER,HG,1428,LEU,H,112064,245000,45.7
SER776_C-GLN1422_HE21,776,SER,C,1422,GLN,HE21,97831,245000,39.9
SER776_C-SER1425_C,776,SER,C,1425,SER,C,33120,245000,13.5
SER776_C-SER1425_O,776,SER,C,1425,SER,O,116189,245000,47.4
SER776_C-ALA1426_HA,776,SER,C,1426,ALA,HA,30425,245000,12.4
SER776_C-VAL1427_H,776,SER,C,1427,VAL,H,97408,245000,39.8
SER776_C-LEU1428_H,776,SER,C,1428,LEU,H,10680,245000,4.4
ARG777_H-THR1471_HG1,777,ARG,H,1471,THR,HG1,51655,245000,21.1
ARG777_CA-GLN1422_HG3,777,ARG,CA,1422,GLN,HG3,84311,245000,34.4
ARG777_CA-THR1471_OG1,777,ARG,CA,1471,THR,OG1,97259,245000,39.7
ARG777_CA-THR1471_HG1,777,ARG,CA,1471,THR,HG1,139120,245000,56.8
ARG777_HB3-GLN1422_HG3,777,ARG,HB3,1422,GLN,HG3,12432,245000,5.1
ARG777_HB3-LYS1470_HB2,777,ARG,HB3,1470,LYS,HB2,196534,245000,80.2
ARG777_CG-LYS1470_HB2,777,ARG,CG,1470,LYS,HB2,35416,245000,14.5
ARG777_CG-LYS1470_HG2,777,ARG,CG,1470,LYS,HG2,57274,245000,23.4
ARG777_HH11-GLU1419_OE1,777,ARG,HH11,1419,GLU,OE1,125174,245000,51.1
ARG777_NH2-GLU1419_CD,777,ARG,NH2,1419,GLU,CD,146974,245000,60.0
ARG777_NH2-GLU1419_OE1,777,ARG,NH2,1419,GLU,OE1,177617,245000,72.5
ARG777_NH2-GLU1419_OE2,777,ARG,NH2,1419,GLU,OE2,113999,245000,46.5
ARG777_HH21-GLU1419_OE2,777,ARG,HH21,1419,GLU,OE2,50569,245000,20.6
ARG777_HH21-LYS1470_HE2,777,ARG,HH21,1470,LYS,HE2,31552,245000,12.9
ARG777_HH22-LYS1470_HE2,777,ARG,HH22,1470,LYS,HE2,14500,245000,5.9
ARG777_HH22-LYS1470_HZ3,777,ARG,HH22,1470,LYS,HZ3,42522,245000,17.4
ARG777_C-GLU1419_CD,777,ARG,C,1419,GLU,CD,233632,245000,95.4
ARG777_C-GLU1419_OE1,777,ARG,C,1419,GLU,OE1,228742,245000,93.4
ARG777_C-GLU1419_OE2,777,ARG,C,1419,GLU,OE2,222874,245000,91.0
ARG777_C-LYS1470_HE2,777,ARG,C,1470,LYS,HE2,34990,245000,14.3
ARG777_O-THR1471_HG1,777,ARG,O,1471,THR,HG1,57754,245000,23.6
GLU778_N-THR1471_N,778,GLU,N,1471,THR,N,18300,245000,7.5
GLU778_N-THR1471_H,778,GLU,N,1471,THR,H,178886,245000,73.0
GLU778_N-THR1471_OG1,778,GLU,N,1471,THR,OG1,110706,245000,45.2
GLU778_N-THR1471_HG1,778,GLU,N,1471,THR,HG1,148614,245000,60.7
GLU778_CA-SER1469_OG,778,GLU,CA,1469,SER,OG,221892,245000,90.6
GLU778_CA-SER1469_HG,778,GLU,CA,1469,SER,HG,206433,245000,84.3
GLU778_CA-LYS1470_H,778,GLU,CA,1470,LYS,H,45856,245000,18.7
GLU778_HB3-ARG1439_HB2,778,GLU,HB3,1439,ARG,HB2,211592,245000,86.4
GLU778_HB3-ARG1439_HD2,778,GLU,HB3,1439,ARG,HD2,49303,245000,20.1
GLU778_CG-ARG1439_HD2,778,GLU,CG,1439,ARG,HD2,12074,245000,4.9
GLU778_HG3-SER1469_HA,778,GLU,HG3,1469,SER,HA,222222,245000,90.7
GLU778_HG3-LYS1470_H,778,GLU,HG3,1470,LYS,H,172825,245000,70.5
GLU778_HG3-LYS1470_HG2,778,GLU,HG3,1470,LYS,HG2,16481,245000,6.7
GLU778_OE1-LYS1470_HZ3,778,GLU,OE1,1470,LYS,HZ3,30804,245000,12.6
GLU778_OE2-LYS1470_HG2,778,GLU,OE2,1470,LYS,HG2,65896,245000,26.9
GLU778_OE2-LYS1470_NZ,778,GLU,OE2,1470,LYS,NZ,145520,245000,59.4
GLU778_OE2-LYS1470_HZ3,778,GLU,OE2,1470,LYS,HZ3,30026,245000,12.3
GLU778_O-ARG1439_HD2,778,GLU,O,1439,ARG,HD2,2591,245000,1.1
LEU779_N-ASP1436_HB3,779,LEU,N,1436,ASP,HB3,13972,245000,5.7
LEU779_N-ARG1439_HD2,779,LEU,N,1439,ARG,HD2,13610,245000,5.6
GLY781_CA-GLN1565_HB2,781,GLY,CA,1565,GLN,HB2,3065,245000,1.3
GLY782_N-GLN1565_HB3,782,GLY,N,1565,GLN,HB3,11469,245000,4.7
GLY782_HA3-PRO1567_HA,782,GLY,HA3,1567,PRO,HA,11493,245000,4.7
VAL783_CB-PRO1567_HA,783,VAL,CB,1567,PRO,HA,12721,245000,5.2
VAL783_CB-PRO1567_O,783,VAL,CB,1567,PRO,O,201133,245000,82.1
ASP784_H-PRO1567_O,784,ASP,H,1567,PRO,O,42997,245000,17.5
ASP784_CA-PRO1567_O,784,ASP,CA,1567,PRO,O,221648,245000,90.5
GLY785_CA-PRO1336_O,785,GLY,CA,1336,PRO,O,45431,245000,18.5
ILE786_CA-PRO1336_O,786,ILE,CA,1336,PRO,O,42463,245000,17.3
ALA787_N-GLY394_HA2,787,ALA,N,394,GLY,HA2,37292,245000,15.2
ALA787_CB-GLY394_HA2,787,ALA,CB,394,GLY,HA2,33591,245000,13.7
SER788_N-ARG397_HG2,788,SER,N,397,ARG,HG2,2654,245000,1.1
SER788_N-ARG397_HH11,788,SER,N,397,ARG,HH11,16796,245000,6.9
SER788_CA-LYS393_HB3,788,SER,CA,393,LYS,HB3,37735,245000,15.4
SER788_CB-ARG397_HB2,788,SER,CB,397,ARG,HB2,40589,245000,16.6
SER788_CB-ARG397_HD3,788,SER,CB,397,ARG,HD3,14624,245000,6.0
SER788_HB2-ARG396_HH21,788,SER,HB2,396,ARG,HH21,14900,245000,6.1
SER788_HB3-ARG396_HH21,788,SER,HB3,396,ARG,HH21,13235,245000,5.4
SER788_HG-ARG396_HE,788,SER,HG,396,ARG,HE,44878,245000,18.3
SER788_HG-ARG396_NH2,788,SER,HG,396,ARG,NH2,11768,245000,4.8
SER788_HG-ARG396_HH21,788,SER,HG,396,ARG,HH21,49474,245000,20.2
SER788_C-ARG396_HE,788,SER,C,396,ARG,HE,35475,245000,14.5
SER788_C-ARG396_HH21,788,SER,C,396,ARG,HH21,44890,245000,18.3
ILE789_N-GLY425_HA2,789,ILE,N,425,GLY,HA2,20664,245000,8.4
ILE789_CB-GLY425_HA2,789,ILE,CB,425,GLY,HA2,211355,245000,86.3
GLU790_N-ARG397_HH11,790,GLU,N,397,ARG,HH11,11020,245000,4.5
GLU790_N-ARG397_HH12,790,GLU,N,397,ARG,HH12,90160,245000,36.8
GLU790_HB3-ARG397_HH12,790,GLU,HB3,397,ARG,HH12,191824,245000,78.3
GLU790_HG3-PHE406_HZ,790,GLU,HG3,406,PHE,HZ,171694,245000,70.1
GLU790_OE1-ARG397_HH22,790,GLU,OE1,397,ARG,HH22,192964,245000,78.8
GLU790_C-ARG397_HH12,790,GLU,C,397,ARG,HH12,81363,245000,33.2
GLU790_C-ARG397_NH2,790,GLU,C,397,ARG,NH2,58316,245000,23.8
GLU790_C-ARG397_HH22,790,GLU,C,397,ARG,HH22,77811,245000,31.8
TRP793_CD2-ARG426_HA,793,TRP,CD2,426,ARG,HA,215861,245000,88.1
LEU795_N-GLY425_HA3,795,LEU,N,425,GLY,HA3,206660,245000,84.4
PRO796_N-ARG426_HE,796,PRO,N,426,ARG,HE,41754,245000,17.0
PRO796_C-ARG426_HH21,796,PRO,C,426,ARG,HH21,23723,245000,9.7
PRO796_O-ARG426_HH21,796,PRO,O,426,ARG,HH21,24046,245000,9.8
PRO797_N-ARG426_NH2,797,PRO,N,426,ARG,NH2,21692,245000,8.9
PRO797_N-ARG426_HH21,797,PRO,N,426,ARG,HH21,30332,245000,12.4
PRO798_CG-GLY419_O,798,PRO,CG,419,GLY,O,2510,245000,1.0
GLU800_OE1-ARG426_HH12,800,GLU,OE1,426,ARG,HH12,45723,245000,18.7
GLU800_OE1-ARG426_HH22,800,GLU,OE1,426,ARG,HH22,43288,245000,17.7
GLU800_OE2-ARG426_NH1,800,GLU,OE2,426,ARG,NH1,20260,245000,8.3
GLU800_OE2-ARG426_HH12,800,GLU,OE2,426,ARG,HH12,43069,245000,17.6
GLU800_OE2-ARG426_HH22,800,GLU,OE2,426,ARG,HH22,38075,245000,15.5
GLU800_C-ARG426_NH1,800,GLU,C,426,ARG,NH1,2866,245000,1.2
GLU800_C-ARG426_HH12,800,GLU,C,426,ARG,HH12,43011,245000,17.6
GLU800_C-ARG426_HH22,800,GLU,C,426,ARG,HH22,39782,245000,16.2
GLU800_C-GLN429_HE21,800,GLU,C,429,GLN,HE21,2720,245000,1.1
HIE802_CE1-PRO487_HA,802,HIE,CE1,487,PRO,HA,74092,245000,30.2
HIE802_NE2-LEU485_O,802,HIE,NE2,485,LEU,O,2707,245000,1.1
HIE802_NE2-GLU486_O,802,HIE,NE2,486,GLU,O,21760,245000,8.9
HIE802_NE2-PRO487_HA,802,HIE,NE2,487,PRO,HA,61170,245000,25.0
HIE802_CD2-PHE484_O,802,HIE,CD2,484,PHE,O,25171,245000,10.3
GLN803_N-ALA488_H,803,GLN,N,488,ALA,H,77848,245000,31.8
GLN803_CA-PRO487_HB3,803,GLN,CA,487,PRO,HB3,31619,245000,12.9
GLN803_CA-HIE497_HE1,803,GLN,CA,497,HIE,HE1,105563,245000,43.1
GLN803_HB3-ASP452_HB3,803,GLN,HB3,452,ASP,HB3,66476,245000,27.1
GLN803_HB3-HIE497_HE1,803,GLN,HB3,497,HIE,HE1,12060,245000,4.9
GLN803_CD-ASP452_HB3,803,GLN,CD,452,ASP,HB3,67778,245000,27.7
GLN803_CD-ASP452_OD2,803,GLN,CD,452,ASP,OD2,3570,245000,1.5
GLN803_CD-PRO487_HG3,803,GLN,CD,487,PRO,HG3,2641,245000,1.1
GLN803_HE21-ASP452_OD2,803,GLN,HE21,452,ASP,OD2,32820,245000,13.4
GLN803_C-PRO275_HB3,803,GLN,C,275,PRO,HB3,3442,245000,1.4
GLN803_C-ASP452_CG,803,GLN,C,452,ASP,CG,27013,245000,11.0
GLN803_C-ASP452_OD2,803,GLN,C,452,ASP,OD2,65908,245000,26.9
ILE804_HG22-ARG435_HH21,804,ILE,HG22,435,ARG,HH21,10265,245000,4.2
ILE804_HG13-ASN499_HD21,804,ILE,HG13,499,ASN,HD21,2532,245000,1.0
ASP805_N-GLN495_HA,805,ASP,N,495,GLN,HA,140135,245000,57.2
ASP805_CA-GLN495_CD,805,ASP,CA,495,GLN,CD,10855,245000,4.4
ASP805_CA-GLN495_NE2,805,ASP,CA,495,GLN,NE2,127072,245000,51.9
ASP805_CA-GLN495_HE21,805,ASP,CA,495,GLN,HE21,136706,245000,55.8
ASP805_CA-GLN495_HE22,805,ASP,CA,495,GLN,HE22,104739,245000,42.8
ASP805_HB3-GLN495_HE21,805,ASP,HB3,495,GLN,HE21,19641,245000,8.0
ASP805_OD1-GLN429_HE22,805,ASP,OD1,429,GLN,HE22,85090,245000,34.7
ASP805_OD1-GLN433_HE22,805,ASP,OD1,433,GLN,HE22,20916,245000,8.5
ASP805_OD1-ARG435_HH12,805,ASP,OD1,435,ARG,HH12,141595,245000,57.8
ASP805_OD1-GLN495_HE21,805,ASP,OD1,495,GLN,HE21,192689,245000,78.6
ASP805_OD2-GLN429_HE22,805,ASP,OD2,429,GLN,HE22,10527,245000,4.3
ASP805_OD2-GLN433_HE22,805,ASP,OD2,433,GLN,HE22,19171,245000,7.8
ASP805_OD2-ARG435_HH12,805,ASP,OD2,435,ARG,HH12,143596,245000,58.6
ASP805_C-GLN433_HE22,805,ASP,C,433,GLN,HE22,19574,245000,8.0
ASP805_C-ARG435_HH12,805,ASP,C,435,ARG,HH12,138578,245000,56.6
PRO808_CB-ARG426_HH22,808,PRO,CB,426,ARG,HH22,2549,245000,1.0
PRO813_CA-ILE407_HB,813,PRO,CA,407,ILE,HB,139342,245000,56.9
PRO813_C-PHE406_HB2,813,PRO,C,406,PHE,HB2,151015,245000,61.6
GLU814_CG-LYS405_HD2,814,GLU,CG,405,LYS,HD2,180355,245000,73.6
GLU814_CG-PHE406_HD2,814,GLU,CG,406,PHE,HD2,53330,245000,21.8
LEU815_N-LYS405_HB3,815,LEU,N,405,LYS,HB3,211436,245000,86.3
LEU815_N-PHE406_H,815,LEU,N,406,PHE,H,77434,245000,31.6
LEU815_N-PHE406_HB2,815,LEU,N,406,PHE,HB2,28654,245000,11.7
LEU815_N-ILE407_H,815,LEU,N,407,ILE,H,214337,245000,87.5
LEU815_CA-ILE407_HB,815,LEU,CA,407,ILE,HB,196228,245000,80.1
LEU815_CA-ILE407_CG2,815,LEU,CA,407,ILE,CG2,135786,245000,55.4
LEU815_CA-ILE407_HG21,815,LEU,CA,407,ILE,HG21,90149,245000,36.8
LEU815_CA-ILE407_HG22,815,LEU,CA,407,ILE,HG22,88586,245000,36.2
LEU815_CA-ILE407_HG23,815,LEU,CA,407,ILE,HG23,57893,245000,23.6
LEU815_CD1-LYS405_HB2,815,LEU,CD1,405,LYS,HB2,170198,245000,69.5
LEU815_CD1-LYS405_HG3,815,LEU,CD1,405,LYS,HG3,11163,245000,4.6
GLN817_NE2-LEU1332_HA,817,GLN,NE2,1332,LEU,HA,194050,245000,79.2
GLN817_NE2-LEU1333_H,817,GLN,NE2,1333,LEU,H,232617,245000,94.9
GLN817_HE22-LEU1333_H,817,GLN,HE22,1333,LEU,H,145966,245000,59.6
GLN817_HE22-LEU1333_O,817,GLN,HE22,1333,LEU,O,194005,245000,79.2
SER820_H-LEU1328_O,820,SER,H,1328,LEU,O,151517,245000,61.8
SER820_CA-LEU1328_O,820,SER,CA,1328,LEU,O,243226,245000,99.3
SER820_HB2-GLU1327_HB2,820,SER,HB2,1327,GLU,HB2,29362,245000,12.0
SER820_HB3-GLU1327_HB2,820,SER,HB3,1327,GLU,HB2,41149,245000,16.8
SER820_HB3-LEU1328_H,820,SER,HB3,1328,LEU,H,86853,245000,35.5
SER820_HB3-LEU1328_O,820,SER,HB3,1328,LEU,O,28370,245000,11.6
SER820_OG-GLU1327_HB2,820,SER,OG,1327,GLU,HB2,34188,245000,14.0
SER820_HG-LEU1328_H,820,SER,HG,1328,LEU,H,205828,245000,84.0
VAL822_CB-GLU1329_HG2,822,VAL,CB,1329,GLU,HG2,192477,245000,78.6
VAL822_CB-GLU1329_OE1,822,VAL,CB,1329,GLU,OE1,64464,245000,26.3
GLU823_H-GLU1329_OE1,823,GLU,H,1329,GLU,OE1,46333,245000,18.9
GLU823_CA-GLU1329_OE1,823,GLU,CA,1329,GLU,OE1,67612,245000,27.6
GLU823_CA-ARG1378_HH21,823,GLU,CA,1378,ARG,HH21,226580,245000,92.5
GLU823_CB-ARG1378_HH22,823,GLU,CB,1378,ARG,HH22,209662,245000,85.6
GLU823_HB3-ARG1378_HH22,823,GLU,HB3,1378,ARG,HH22,191894,245000,78.3
GLU823_OE1-ARG1378_HH22,823,GLU,OE1,1378,ARG,HH22,214078,245000,87.4
GLU823_OE2-ARG1378_HH12,823,GLU,OE2,1378,ARG,HH12,24246,245000,9.9
GLU823_OE2-ARG1378_NH2,823,GLU,OE2,1378,ARG,NH2,23999,245000,9.8
GLU823_OE2-ARG1378_HH22,823,GLU,OE2,1378,ARG,HH22,25758,245000,10.5
PRO824_CG-GLU1327_HG3,824,PRO,CG,1327,GLU,HG3,33361,245000,13.6
ARG825_NH2-GLU1327_CD,825,ARG,NH2,1327,GLU,CD,209237,245000,85.4
ARG825_NH2-GLU1327_OE1,825,ARG,NH2,1327,GLU,OE1,143856,245000,58.7
ARG825_NH2-GLU1327_OE2,825,ARG,NH2,1327,GLU,OE2,189578,245000,77.4
ARG825_HH21-GLU1327_OE1,825,ARG,HH21,1327,GLU,OE1,97391,245000,39.8
ARG825_HH22-ARG1378_HH22,825,ARG,HH22,1378,ARG,HH22,29121,245000,11.9
ARG825_C-GLU1327_CD,825,ARG,C,1327,GLU,CD,211650,245000,86.4
ARG825_C-GLU1327_OE1,825,ARG,C,1327,GLU,OE1,189417,245000,77.3
ARG825_C-GLU1327_OE2,825,ARG,C,1327,GLU,OE2,191672,245000,78.2
PRO836_HG3-THR982_HA,836,PRO,HG3,982,THR,HA,2797,245000,1.1
ARG838_N-GLY855_HA2,838,ARG,N,855,GLY,HA2,12955,245000,5.3
ARG838_CB-GLY855_HA2,838,ARG,CB,855,GLY,HA2,50985,245000,20.8
ARG838_CZ-ASP978_CG,838,ARG,CZ,978,ASP,CG,231037,245000,94.3
ARG838_CZ-ASP978_OD1,838,ARG,CZ,978,ASP,OD1,212555,245000,86.8
ARG838_CZ-ASP978_OD2,838,ARG,CZ,978,ASP,OD2,215339,245000,87.9
ARG838_HH11-GLY855_O,838,ARG,HH11,855,GLY,O,11531,245000,4.7
ARG838_NH2-GLY855_O,838,ARG,NH2,855,GLY,O,40585,245000,16.6
ARG838_HH21-GLY855_H,838,ARG,HH21,855,GLY,H,12278,245000,5.0
ARG838_HH21-LEU976_O,838,ARG,HH21,976,LEU,O,29716,245000,12.1
ARG838_HH21-THR977_HA,838,ARG,HH21,977,THR,HA,25369,245000,10.4
ARG838_HH21-ASP978_OD1,838,ARG,HH21,978,ASP,OD1,87414,245000,35.7
ARG838_HH22-ASP978_H,838,ARG,HH22,978,ASP,H,19423,245000,7.9
ARG838_HH22-ASP978_CG,838,ARG,HH22,978,ASP,CG,214363,245000,87.5
ARG838_HH22-ASP978_OD1,838,ARG,HH22,978,ASP,OD1,188856,245000,77.1
ARG838_C-GLY855_H,838,ARG,C,855,GLY,H,17843,245000,7.3
ARG838_C-LEU976_O,838,ARG,C,976,LEU,O,41708,245000,17.0
ARG838_C-THR977_HA,838,ARG,C,977,THR,HA,39219,245000,16.0
ARG838_O-GLY855_HA2,838,ARG,O,855,GLY,HA2,13511,245000,5.5
THR839_N-GLY855_HA2,839,THR,N,855,GLY,HA2,117030,245000,47.8
THR839_N-SER856_H,839,THR,N,856,SER,H,13445,245000,5.5
ARG840_CB-ALA854_O,840,ARG,CB,854,ALA,O,179714,245000,73.4
ARG840_CB-GLY855_HA3,840,ARG,CB,855,GLY,HA3,168981,245000,69.0
ARG840_HB3-GLU859_HB2,840,ARG,HB3,859,GLU,HB2,10574,245000,4.3
ARG840_HB3-GLU859_HB3,840,ARG,HB3,859,GLU,HB3,3000,245000,1.2
ARG840_HG3-TYR853_HD1,840,ARG,HG3,853,TYR,HD1,29421,245000,12.0
ARG840_HG3-TYR853_HE1,840,ARG,HG3,853,TYR,HE1,35003,245000,14.3
ARG840_CD-TYR975_HE1,840,ARG,CD,975,TYR,HE1,45362,245000,18.5
ARG840_HD3-GLU859_HB3,840,ARG,HD3,859,GLU,HB3,3001,245000,1.2
ARG840_HD3-GLU859_O,840,ARG,HD3,859,GLU,O,12252,245000,5.0
ARG840_CZ-TYR975_OH,840,ARG,CZ,975,TYR,OH,46164,245000,18.8
ARG840_CZ-TYR975_HH,840,ARG,CZ,975,TYR,HH,45066,245000,18.4
ARG840_NH2-SER861_OG,840,ARG,NH2,861,SER,OG,40888,245000,16.7
ARG840_NH2-SER861_HG,840,ARG,NH2,861,SER,HG,34115,245000,13.9
ARG840_HH21-SER861_H,840,ARG,HH21,861,SER,H,44115,245000,18.0
ARG840_HH21-GLU973_OE1,840,ARG,HH21,973,GLU,OE1,18372,245000,7.5
ARG840_HH21-GLU973_OE2,840,ARG,HH21,973,GLU,OE2,28571,245000,11.7
ARG840_HH22-SER861_H,840,ARG,HH22,861,SER,H,38977,245000,15.9
ARG840_HH22-GLU973_CD,840,ARG,HH22,973,GLU,CD,93879,245000,38.3
ARG840_HH22-GLU973_OE1,840,ARG,HH22,973,GLU,OE1,83966,245000,34.3
ARG840_HH22-GLU973_OE2,840,ARG,HH22,973,GLU,OE2,79705,245000,32.5
ARG840_HH22-TYR975_HH,840,ARG,HH22,975,TYR,HH,40478,245000,16.5
ARG840_C-SER861_H,840,ARG,C,861,SER,H,45625,245000,18.6
ARG840_C-SER861_CB,840,ARG,C,861,SER,CB,22143,245000,9.0
ARG840_C-SER861_HB2,840,ARG,C,861,SER,HB2,22757,245000,9.3
ARG840_C-SER861_OG,840,ARG,C,861,SER,OG,45383,245000,18.5
ARG840_C-SER861_HG,840,ARG,C,861,SER,HG,34405,245000,14.0
PHE714_H-GLY579_O,714,PHE,H,579,GLY,O,7518,245000,3.1
SER744_HG-THR1407_H,744,SER,HG,1407,THR,H,19593,245000,8.0
SER744_C-THR1407_H,744,SER,C,1407,THR,H,17104,245000,7.0
ARG774_HB3-ASP1423_HB2,774,ARG,HB3,1423,ASP,HB2,16230,245000,6.6
ARG774_HD3-GLN1422_HG2,774,ARG,HD3,1422,GLN,HG2,94262,245000,38.5
ARG774_HE-ASP1423_OD1,774,ARG,HE,1423,ASP,OD1,78351,245000,32.0
ARG774_NH1-GLN1422_HA,774,ARG,NH1,1422,GLN,HA,18157,245000,7.4
ARG774_NH2-GLY1421_O,774,ARG,NH2,1421,GLY,O,29610,245000,12.1
ARG774_HH21-GLN1422_HA,774,ARG,HH21,1422,GLN,HA,77373,245000,31.6
ARG774_HH21-ASP1423_OD1,774,ARG,HH21,1423,ASP,OD1,72602,245000,29.6
ARG774_C-MET1417_C,774,ARG,C,1417,MET,C,9359,245000,3.8
ARG774_C-GLN1422_HA,774,ARG,C,1422,GLN,HA,18583,245000,7.6
GLU778_N-LYS1470_HB2,778,GLU,N,1470,LYS,HB2,138076,245000,56.4
GLU778_OE2-LYS1470_HZ2,778,GLU,OE2,1470,LYS,HZ2,25579,245000,10.4
GLY785_N-PRO1336_HB2,785,GLY,N,1336,PRO,HB2,29405,245000,12.0
GLY785_N-GLN1337_HB2,785,GLY,N,1337,GLN,HB2,18921,245000,7.7
GLY785_N-LYS1568_HA,785,GLY,N,1568,LYS,HA,7917,245000,3.2
GLY785_H-PRO1336_O,785,GLY,H,1336,PRO,O,27727,245000,11.3
GLY785_CA-PRO1336_C,785,GLY,CA,1336,PRO,C,32092,245000,13.1
ILE786_CG2-PRO1336_HA,786,ILE,CG2,1336,PRO,HA,26024,245000,10.6
ILE786_CG2-PRO1336_O,786,ILE,CG2,1336,PRO,O,26694,245000,10.9
ILE786_CD1-PRO1336_O,786,ILE,CD1,1336,PRO,O,25837,245000,10.5
SER788_N-ARG397_HD3,788,SER,N,397,ARG,HD3,9775,245000,4.0
ILE789_CB-GLY425_O,789,ILE,CB,425,GLY,O,79678,245000,32.5
TRP793_CG-ARG426_HG2,793,TRP,CG,426,ARG,HG2,19277,245000,7.9
TRP793_CZ3-GLN429_HA,793,TRP,CZ3,429,GLN,HA,7607,245000,3.1
VAL794_CA-GLY425_O,794,VAL,CA,425,GLY,O,162483,245000,66.3
VAL794_CG1-GLY425_HA3,794,VAL,CG1,425,GLY,HA3,50987,245000,20.8
GLU800_OE2-GLN429_HE21,800,GLU,OE2,429,GLN,HE21,17655,245000,7.2
GLU800_C-ARG426_NH2,800,GLU,C,426,ARG,NH2,15641,245000,6.4
HIE802_HE1-PRO487_HA,802,HIE,HE1,487,PRO,HA,42386,245000,17.3
GLN803_CA-HIE497_CE1,803,GLN,CA,497,HIE,CE1,52272,245000,21.3
GLN803_HG2-ASP452_HB3,803,GLN,HG2,452,ASP,HB3,8363,245000,3.4
GLN803_HG3-ASP452_HB3,803,GLN,HG3,452,ASP,HB3,107861,245000,44.0
GLN803_HG3-HIE497_HE1,803,GLN,HG3,497,HIE,HE1,29913,245000,12.2
GLN803_CD-ASP452_CB,803,GLN,CD,452,ASP,CB,7646,245000,3.1
GLN803_CD-ASP452_HB2,803,GLN,CD,452,ASP,HB2,13744,245000,5.6
ASP805_OD2-GLN495_HE21,805,ASP,OD2,495,GLN,HE21,118107,245000,48.2
ASP805_C-GLN429_HE22,805,ASP,C,429,GLN,HE22,24550,245000,10.0
ASP805_C-GLN495_HE21,805,ASP,C,495,GLN,HE21,114099,245000,46.6
GLU814_HB3-PHE406_HB2,814,GLU,HB3,406,PHE,HB2,64453,245000,26.3
GLU814_HB3-PHE406_HD2,814,GLU,HB3,406,PHE,HD2,52521,245000,21.4
GLU814_CG-LYS405_HB3,814,GLU,CG,405,LYS,HB3,150780,245000,61.5
GLU814_CG-PHE406_H,814,GLU,CG,406,PHE,H,67015,245000,27.4
GLN817_OE1-LEU1333_H,817,GLN,OE1,1333,LEU,H,155524,245000,63.5
GLN817_NE2-LEU1333_N,817,GLN,NE2,1333,LEU,N,139695,245000,57.0
SER820_HG-GLU1327_HB2,820,SER,HG,1327,GLU,HB2,15953,245000,6.5
GLU823_HB3-ARG1378_NH2,823,GLU,HB3,1378,ARG,NH2,36246,245000,14.8
GLU823_C-ARG1378_HH22,823,GLU,C,1378,ARG,HH22,166077,245000,67.8
ARG825_NH2-ARG1377_HH21,825,ARG,NH2,1377,ARG,HH21,34388,245000,14.0
ARG825_C-ARG1377_HH21,825,ARG,C,1377,ARG,HH21,62699,245000,25.6
ARG838_NH2-GLY855_C,838,ARG,NH2,855,GLY,C,17489,245000,7.1
ARG840_CD-TYR853_HD1,840,ARG,CD,853,TYR,HD1,30795,245000,12.6
PHE714_CB-HIE581_HE1,714,PHE,CB,581,HIE,HE1,8714,245000,3.6
PHE714_HB3-GLY579_O,714,PHE,HB3,579,GLY,O,16160,245000,6.6
PHE714_HE2-GLN589_HE22,714,PHE,HE2,589,GLN,HE22,17666,245000,7.2
PHE714_CD2-GLN589_HG2,714,PHE,CD2,589,GLN,HG2,16358,245000,6.7
PHE714_CD2-GLN589_HE22,714,PHE,CD2,589,GLN,HE22,18407,245000,7.5
PHE714_CD2-GLN589_O,714,PHE,CD2,589,GLN,O,7983,245000,3.3
PHE714_HD2-GLN589_HE22,714,PHE,HD2,589,GLN,HE22,9587,245000,3.9
PHE714_C-HIE581_HB3,714,PHE,C,581,HIE,HB3,24452,245000,10.0
PHE714_C-GLN589_HE22,714,PHE,C,589,GLN,HE22,9840,245000,4.0
SER715_CA-GLN589_HE21,715,SER,CA,589,GLN,HE21,8836,245000,3.6
PRO716_N-GLN589_NE2,716,PRO,N,589,GLN,NE2,18813,245000,7.7
PRO716_N-GLN589_HE21,716,PRO,N,589,GLN,HE21,33910,245000,13.8
PRO717_CG-GLN589_OE1,717,PRO,CG,589,GLN,OE1,8067,245000,3.3
PRO717_CG-GLN589_NE2,717,PRO,CG,589,GLN,NE2,18671,245000,7.6
PRO717_CG-GLN589_HE21,717,PRO,CG,589,GLN,HE21,21973,245000,9.0
PRO717_HG3-GLY586_H,717,PRO,HG3,586,GLY,H,126896,245000,51.8
PRO717_CB-GLY586_H,717,PRO,CB,586,GLY,H,79796,245000,32.6
ALA720_CA-THR665_O,720,ALA,CA,665,THR,O,50535,245000,20.6
VAL721_N-GLY586_HA2,721,VAL,N,586,GLY,HA2,34462,245000,14.1
PRO722_C-PRO587_HA,722,PRO,C,587,PRO,HA,21760,245000,8.9
ALA723_CA-PRO587_HB3,723,ALA,CA,587,PRO,HB3,25942,245000,10.6
SER750_HB3-GLY1424_HA3,750,SER,HB3,1424,GLY,HA3,8212,245000,3.4
ARG767_CB-SER1425_HB2,767,ARG,CB,1425,SER,HB2,18441,245000,7.5
LYS770_CA-ASP1423_OD1,770,LYS,CA,1423,ASP,OD1,55417,245000,22.6
ASN772_HB3-ASP1423_OD2,772,ASN,HB3,1423,ASP,OD2,75201,245000,30.7
ASN772_HD21-ASP1423_OD1,772,ASN,HD21,1423,ASP,OD1,68667,245000,28.0
ARG774_HB3-ASP1423_OD2,774,ARG,HB3,1423,ASP,OD2,17867,245000,7.3
ARG774_CG-GLN1422_HG2,774,ARG,CG,1422,GLN,HG2,18968,245000,7.7
ARG774_HE-ASP1423_OD2,774,ARG,HE,1423,ASP,OD2,70419,245000,28.7
ARG774_CZ-ASP1423_H,774,ARG,CZ,1423,ASP,H,89389,245000,36.5
ARG774_NH2-GLU1419_HA,774,ARG,NH2,1419,GLU,HA,8902,245000,3.6
ARG774_C-VAL1418_O,774,ARG,C,1418,VAL,O,192146,245000,78.4
SER776_CA-VAL1427_HB,776,SER,CA,1427,VAL,HB,7889,245000,3.2
SER776_HB3-VAL1427_HB,776,SER,HB3,1427,VAL,HB,93430,245000,38.1
SER776_OG-THR1471_OG1,776,SER,OG,1471,THR,OG1,16879,245000,6.9
ARG777_HH22-LYS1470_HZ2,777,ARG,HH22,1470,LYS,HZ2,36941,245000,15.1
ILE786_H-PRO1336_O,786,ILE,H,1336,PRO,O,15527,245000,6.3
SER788_N-ARG397_HE,788,SER,N,397,ARG,HE,29544,245000,12.1
SER788_N-ARG397_NH2,788,SER,N,397,ARG,NH2,8454,245000,3.5
SER788_N-ARG397_HH21,788,SER,N,397,ARG,HH21,29299,245000,12.0
SER788_CA-LYS393_O,788,SER,CA,393,LYS,O,19696,245000,8.0
SER788_CB-ARG397_NE,788,SER,CB,397,ARG,NE,19047,245000,7.8
SER788_CB-ARG397_HE,788,SER,CB,397,ARG,HE,24562,245000,10.0
SER788_HB2-ARG396_HE,788,SER,HB2,396,ARG,HE,22888,245000,9.3
SER788_HB3-ARG396_HE,788,SER,HB3,396,ARG,HE,7549,245000,3.1
SER788_OG-ARG396_HB3,788,SER,OG,396,ARG,HB3,20274,245000,8.3
SER788_OG-ARG396_HE,788,SER,OG,396,ARG,HE,23434,245000,9.6
SER788_C-PRO424_O,788,SER,C,424,PRO,O,113385,245000,46.3
ILE789_CB-PRO424_O,789,ILE,CB,424,PRO,O,177607,245000,72.5
GLU790_N-ARG397_NH2,790,GLU,N,397,ARG,NH2,7961,245000,3.2
GLU790_N-ARG397_HH21,790,GLU,N,397,ARG,HH21,27030,245000,11.0
GLU790_N-ARG397_HH22,790,GLU,N,397,ARG,HH22,18950,245000,7.7
GLU790_CA-GLY425_HA2,790,GLU,CA,425,GLY,HA2,198081,245000,80.8
GLU790_CA-GLY425_O,790,GLU,CA,425,GLY,O,212408,245000,86.7
GLU790_CB-ARG397_HH22,790,GLU,CB,397,ARG,HH22,25803,245000,10.5
GLU790_HG3-TRP413_HH2,790,GLU,HG3,413,TRP,HH2,9203,245000,3.8
GLU790_HG3-GLY425_HA2,790,GLU,HG3,425,GLY,HA2,18162,245000,7.4
GLU790_CD-TRP413_HZ3,790,GLU,CD,413,TRP,HZ3,17922,245000,7.3
GLU790_OE1-ARG397_HH12,790,GLU,OE1,397,ARG,HH12,27522,245000,11.2
GLU790_OE1-ARG409_HH11,790,GLU,OE1,409,ARG,HH11,18374,245000,7.5
GLU790_OE2-ARG397_NH1,790,GLU,OE2,397,ARG,NH1,17392,245000,7.1
GLU790_OE2-ARG397_HH12,790,GLU,OE2,397,ARG,HH12,51692,245000,21.1
GLU790_OE2-ARG397_NH2,790,GLU,OE2,397,ARG,NH2,60160,245000,24.6
GLU790_OE2-ARG397_HH22,790,GLU,OE2,397,ARG,HH22,81329,245000,33.2
GLU790_C-ARG409_NH1,790,GLU,C,409,ARG,NH1,9620,245000,3.9
GLU790_C-ARG409_HH11,790,GLU,C,409,ARG,HH11,10211,245000,4.2
TRP793_CB-GLY425_O,793,TRP,CB,425,GLY,O,32829,245000,13.4
TRP793_HZ3-GLN429_HB2,793,TRP,HZ3,429,GLN,HB2,40815,245000,16.7
LEU795_N-ARG426_HG3,795,LEU,N,426,ARG,HG3,9630,245000,3.9
PRO796_N-ARG426_NE,796,PRO,N,426,ARG,NE,9031,245000,3.7
PRO796_N-ARG426_HH21,796,PRO,N,426,ARG,HH21,9090,245000,3.7
GLU801_HB3-GLN495_HG3,801,GLU,HB3,495,GLN,HG3,58319,245000,23.8
HIE802_N-GLN495_HE22,802,HIE,N,495,GLN,HE22,112165,245000,45.8
ASP805_C-ARG435_HH22,805,ASP,C,435,ARG,HH22,23956,245000,9.8
GLU823_C-ARG1378_HH12,823,GLU,C,1378,ARG,HH12,144400,245000,58.9
GLU823_C-ARG1378_NH2,823,GLU,C,1378,ARG,NH2,139666,245000,57.0
ARG825_HH11-GLU1327_OE2,825,ARG,HH11,1327,GLU,OE2,108373,245000,44.2
ARG825_C-ARG1377_HE,825,ARG,C,1377,ARG,HE,20171,245000,8.2
PRO833_N-LYS1640_NZ,833,PRO,N,1640,LYS,NZ,20528,245000,8.4
PRO833_HG3-ARG1357_HH11,833,PRO,HG3,1357,ARG,HH11,7591,245000,3.1
PRO834_CG-LYS1640_HD2,834,PRO,CG,1640,LYS,HD2,10384,245000,4.2
PRO834_CB-LYS1640_HD2,834,PRO,CB,1640,LYS,HD2,8519,245000,3.5
PRO835_CG-THR1451_HA,835,PRO,CG,1451,THR,HA,7846,245000,3.2
PRO835_CB-THR1451_HA,835,PRO,CB,1451,THR,HA,122920,245000,50.2
PRO835_HB3-THR1452_HB,835,PRO,HB3,1452,THR,HB,7546,245000,3.1
PRO835_CA-THR1452_N,835,PRO,CA,1452,THR,N,9692,245000,4.0
PRO835_CA-THR1452_H,835,PRO,CA,1452,THR,H,20014,245000,8.2
PRO835_C-ARG1357_HH21,835,PRO,C,1357,ARG,HH21,8040,245000,3.3
PRO836_HD3-THR1452_O,836,PRO,HD3,1452,THR,O,166879,245000,68.1
PRO836_CG-GLU1454_HG3,836,PRO,CG,1454,GLU,HG3,8422,245000,3.4
PRO836_CB-GLU1454_HG3,836,PRO,CB,1454,GLU,HG3,132166,245000,53.9
ARG838_CA-ASP978_CG,838,ARG,CA,978,ASP,CG,35145,245000,14.3
ARG838_CA-ASP978_OD1,838,ARG,CA,978,ASP,OD1,35944,245000,14.7
ARG838_CA-ASP978_OD2,838,ARG,CA,978,ASP,OD2,49502,245000,20.2
ARG838_HH21-ASP978_OD2,838,ARG,HH21,978,ASP,OD2,23250,245000,9.5
ARG838_HH22-ASP978_OD2,838,ARG,HH22,978,ASP,OD2,163176,245000,66.6
THR839_N-ARG1644_NE,839,THR,N,1644,ARG,NE,88391,245000,36.1
THR839_N-ARG1644_HE,839,THR,N,1644,ARG,HE,193946,245000,79.2
THR839_CB-ASP1642_OD2,839,THR,CB,1642,ASP,OD2,97280,245000,39.7
THR839_HG1-ARG1644_HH21,839,THR,HG1,1644,ARG,HH21,66373,245000,27.1
THR839_C-ARG1644_HH21,839,THR,C,1644,ARG,HH21,63197,245000,25.8
ARG840_CG-LYS1640_HA,840,ARG,CG,1640,LYS,HA,19580,245000,8.0
ARG840_NE-LEU1639_O,840,ARG,NE,1639,LEU,O,16262,245000,6.6
ARG840_HE-SER860_HA,840,ARG,HE,860,SER,HA,8051,245000,3.3
ARG840_HE-TYR975_OH,840,ARG,HE,975,TYR,OH,21173,245000,8.6
ARG840_CZ-SER860_HA,840,ARG,CZ,860,SER,HA,18388,245000,7.5
ARG840_NH1-SER860_HA,840,ARG,NH1,860,SER,HA,8702,245000,3.6
ARG840_HH12-LEU1639_O,840,ARG,HH12,1639,LEU,O,17931,245000,7.3
ARG840_HH21-SER860_HA,840,ARG,HH21,860,SER,HA,67288,245000,27.5
ARG840_HH21-SER861_OG,840,ARG,HH21,861,SER,OG,8556,245000,3.5
ARG840_HH22-SER860_HA,840,ARG,HH22,860,SER,HA,73492,245000,30.0
ARG840_HH22-TYR975_OH,840,ARG,HH22,975,TYR,OH,30752,245000,12.6
ARG840_C-SER861_N,840,ARG,C,861,SER,N,7765,245000,3.2
ALA720_CA-GLY586_HA2,720,ALA,CA,586,GLY,HA2,8833,245000,3.6
ALA720_CA-GLY586_HA3,720,ALA,CA,586,GLY,HA3,7529,245000,3.1
PRO722_C-PRO587_HB3,722,PRO,C,587,PRO,HB3,8251,245000,3.4
SER750_HB3-GLY1424_HA2,750,SER,HB3,1424,GLY,HA2,77236,245000,31.5
SER764_C-SER1425_HB2,764,SER,C,1425,SER,HB2,47470,245000,19.4
SER764_C-SER1425_OG,764,SER,C,1425,SER,OG,127851,245000,52.2
SER764_C-SER1425_HG,764,SER,C,1425,SER,HG,165500,245000,67.6
PHE766_N-ALA1426_N,766,PHE,N,1426,ALA,N,89134,245000,36.4
ARG767_CB-SER1425_HA,767,ARG,CB,1425,SER,HA,189605,245000,77.4
ARG767_HB3-SER1425_HB2,767,ARG,HB3,1425,SER,HB2,8056,245000,3.3
ARG767_CD-SER1425_HB2,767,ARG,CD,1425,SER,HB2,135726,245000,55.4
ARG768_H-ASP1423_O,768,ARG,H,1423,ASP,O,92370,245000,37.7
ARG768_HB3-GLY1424_HA3,768,ARG,HB3,1424,GLY,HA3,180117,245000,73.5
LYS770_N-ASP1423_HA,770,LYS,N,1423,ASP,HA,102873,245000,42.0
LYS770_H-ASP1423_OD1,770,LYS,H,1423,ASP,OD1,32510,245000,13.3
ASN772_HD22-VAL1414_O,772,ASN,HD22,1414,VAL,O,35916,245000,14.7
ARG774_HH11-VAL1418_O,774,ARG,HH11,1418,VAL,O,62693,245000,25.6
ARG774_HH22-GLN1422_HA,774,ARG,HH22,1422,GLN,HA,47666,245000,19.5
ARG774_C-GLY1421_O,774,ARG,C,1421,GLY,O,124714,245000,50.9
SER776_HG-VAL1427_HB,776,SER,HG,1427,VAL,HB,75872,245000,31.0
ARG777_HH11-GLU1419_OE2,777,ARG,HH11,1419,GLU,OE2,59554,245000,24.3
ARG777_HH21-GLU1419_OE1,777,ARG,HH21,1419,GLU,OE1,124776,245000,50.9
ARG777_HH22-LYS1470_HZ1,777,ARG,HH22,1470,LYS,HZ1,68482,245000,28.0
GLU778_HB3-ARG1439_HB3,778,GLU,HB3,1439,ARG,HB3,41116,245000,16.8
GLU778_CG-ARG1439_HD3,778,GLU,CG,1439,ARG,HD3,7950,245000,3.2
GLU778_OE2-LYS1470_HZ1,778,GLU,OE2,1470,LYS,HZ1,25954,245000,10.6
LEU779_HB3-ARG1439_HD3,779,LEU,HB3,1439,ARG,HD3,7567,245000,3.1
VAL783_CA-ILE391_O,783,VAL,CA,391,ILE,O,9594,245000,3.9
ALA787_O-ARG397_HB2,787,ALA,O,397,ARG,HB2,7731,245000,3.2
ALA787_O-ARG397_HE,787,ALA,O,397,ARG,HE,9499,245000,3.9
SER788_N-ARG397_NE,788,SER,N,397,ARG,NE,9545,245000,3.9
SER788_H-ARG397_HB2,788,SER,H,397,ARG,HB2,9249,245000,3.8
SER788_HB3-PRO424_HB3,788,SER,HB3,424,PRO,HB3,9753,245000,4.0
ILE789_CB-GLY425_C,789,ILE,CB,425,GLY,C,47976,245000,19.6
ILE789_HG13-LEU428_H,789,ILE,HG13,428,LEU,H,10818,245000,4.4
ILE789_HG13-LEU428_HB2,789,ILE,HG13,428,LEU,HB2,10115,245000,4.1
TRP793_HE3-GLN429_HB2,793,TRP,HE3,429,GLN,HB2,143062,245000,58.4
PRO798_N-GLY419_HA3,798,PRO,N,419,GLY,HA3,141161,245000,57.6
GLU800_OE1-GLN429_HE21,800,GLU,OE1,429,GLN,HE21,9422,245000,3.8
GLN803_C-ASP452_OD1,803,GLN,C,452,ASP,OD1,28335,245000,11.6
ILE804_CD1-ASN499_HD21,804,ILE,CD1,499,ASN,HD21,29644,245000,12.1
ASP805_OD2-ARG435_NH1,805,ASP,OD2,435,ARG,NH1,25032,245000,10.2
ASP805_OD2-ARG435_HH22,805,ASP,OD2,435,ARG,HH22,24331,245000,9.9
ASP805_C-GLN433_NE2,805,ASP,C,433,GLN,NE2,7862,245000,3.2
VAL822_CB-GLU1329_OE2,822,VAL,CB,1329,GLU,OE2,109657,245000,44.8
GLU823_H-GLU1329_OE2,823,GLU,H,1329,GLU,OE2,92789,245000,37.9
GLU823_CA-GLU1329_OE2,823,GLU,CA,1329,GLU,OE2,124254,245000,50.7
ARG829_NH2-HIE1458_O,829,ARG,NH2,1458,HIE,O,9691,245000,4.0
ARG829_NH2-GLY1459_HA3,829,ARG,NH2,1459,GLY,HA3,7529,245000,3.1
ARG829_C-HIE1458_O,829,ARG,C,1458,HIE,O,10641,245000,4.3
LYS830_HZ1-GLU985_OE1,830,LYS,HZ1,985,GLU,OE1,88742,245000,36.2
LYS830_HZ1-GLU985_OE2,830,LYS,HZ1,985,GLU,OE2,120682,245000,49.3
LYS830_HZ2-GLU985_OE1,830,LYS,HZ2,985,GLU,OE1,48502,245000,19.8
LYS830_HZ2-GLU985_OE2,830,LYS,HZ2,985,GLU,OE2,76297,245000,31.1
LYS830_HZ3-GLU985_OE1,830,LYS,HZ3,985,GLU,OE1,56527,245000,23.1
LYS830_HZ3-GLU985_OE2,830,LYS,HZ3,985,GLU,OE2,91559,245000,37.4
LYS830_C-GLU985_OE1,830,LYS,C,985,GLU,OE1,55385,245000,22.6
LYS830_C-GLU985_OE2,830,LYS,C,985,GLU,OE2,83122,245000,33.9
PRO832_HG3-GLU1525_HG2,832,PRO,HG3,1525,GLU,HG2,8930,245000,3.6
PRO833_HD3-LYS1460_HB2,833,PRO,HD3,1460,LYS,HB2,31430,245000,12.8
PRO833_HD3-LYS1460_HD3,833,PRO,HD3,1460,LYS,HD3,9514,245000,3.9
PRO833_HG3-ARG1357_HD2,833,PRO,HG3,1357,ARG,HD2,10450,245000,4.3
PRO833_CB-HIE1458_HB2,833,PRO,CB,1458,HIE,HB2,10189,245000,4.2
PRO833_CB-HIE1458_HD2,833,PRO,CB,1458,HIE,HD2,10090,245000,4.1
PRO835_CA-THR1451_HA,835,PRO,CA,1451,THR,HA,63759,245000,26.0
PRO836_HD3-THR1452_H,836,PRO,HD3,1452,THR,H,75291,245000,30.7
PRO836_HD3-THR1452_HB,836,PRO,HD3,1452,THR,HB,160283,245000,65.4
SER837_CB-ASP978_CG,837,SER,CB,978,ASP,CG,131724,245000,53.8
SER837_CB-ASP978_OD1,837,SER,CB,978,ASP,OD1,76825,245000,31.4
SER837_CB-ASP978_OD2,837,SER,CB,978,ASP,OD2,94967,245000,38.8
SER837_OG-TYR1712_HD2,837,SER,OG,1712,TYR,HD2,72907,245000,29.8
ARG838_CG-ARG1644_HG3,838,ARG,CG,1644,ARG,HG3,21525,245000,8.8
ARG838_CG-ARG1644_HE,838,ARG,CG,1644,ARG,HE,69934,245000,28.5
ARG838_HE-ASP978_OD1,838,ARG,HE,978,ASP,OD1,16814,245000,6.9
ARG838_HH12-SER856_OG,838,ARG,HH12,856,SER,OG,8417,245000,3.4
ARG838_HH12-SER856_HG,838,ARG,HH12,856,SER,HG,7573,245000,3.1
ARG838_C-GLY855_O,838,ARG,C,855,GLY,O,8922,245000,3.6
ARG838_O-ARG1644_HE,838,ARG,O,1644,ARG,HE,38190,245000,15.6
THR839_N-ASP1642_HB3,839,THR,N,1642,ASP,HB3,7546,245000,3.1
THR839_N-ARG1644_HH21,839,THR,N,1644,ARG,HH21,71801,245000,29.3
THR839_H-GLY855_HA2,839,THR,H,855,GLY,HA2,7663,245000,3.1
THR839_CA-GLY855_HA2,839,THR,CA,855,GLY,HA2,10880,245000,4.4
THR839_CB-ASP1642_HB2,839,THR,CB,1642,ASP,HB2,13677,245000,5.6
ARG840_CA-ASP1642_HB2,840,ARG,CA,1642,ASP,HB2,12382,245000,5.1
PRO717_HD3-GLY586_H,717,PRO,HD3,586,GLY,H,112027,245000,45.7
PRO717_HG2-GLY586_H,717,PRO,HG2,586,GLY,H,93293,245000,38.1
PRO717_CB-ASN585_HB3,717,PRO,CB,585,ASN,HB3,91395,245000,37.3
ALA726_N-PRO587_HA,726,ALA,N,587,PRO,HA,8041,245000,3.3
PRO735_CA-TYR1411_HE2,735,PRO,CA,1411,TYR,HE2,18351,245000,7.5
SER747_HB3-THR1407_HB,747,SER,HB3,1407,THR,HB,9631,245000,3.9
SER747_HG-THR1407_H,747,SER,HG,1407,THR,H,21146,245000,8.6
SER747_HG-THR1407_HB,747,SER,HG,1407,THR,HB,8190,245000,3.3
SER747_HG-THR1407_OG1,747,SER,HG,1407,THR,OG1,9933,245000,4.1
SER747_HG-THR1407_HG1,747,SER,HG,1407,THR,HG1,23107,245000,9.4
SER747_C-THR1406_OG1,747,SER,C,1406,THR,OG1,7511,245000,3.1
SER747_C-THR1406_HG1,747,SER,C,1406,THR,HG1,9157,245000,3.7
SER747_C-THR1407_H,747,SER,C,1407,THR,H,21960,245000,9.0
SER747_C-THR1407_HG1,747,SER,C,1407,THR,HG1,20687,245000,8.4
LEU748_CD1-THR1407_OG1,748,LEU,CD1,1407,THR,OG1,10162,245000,4.1
LEU748_CD1-THR1407_HG1,748,LEU,CD1,1407,THR,HG1,9141,245000,3.7
LEU748_CD1-TRP1479_HE1,748,LEU,CD1,1479,TRP,HE1,8432,245000,3.4
LEU748_CD1-TRP1479_HZ2,748,LEU,CD1,1479,TRP,HZ2,7717,245000,3.1
SER750_CA-LEU1475_HD21,750,SER,CA,1475,LEU,HD21,84070,245000,34.3
SER750_CA-LEU1475_HD22,750,SER,CA,1475,LEU,HD22,82164,245000,33.5
SER750_CA-LEU1475_HD23,750,SER,CA,1475,LEU,HD23,81721,245000,33.4
SER750_OG-GLY1424_HA2,750,SER,OG,1424,GLY,HA2,59059,245000,24.1
VAL751_HG21-CYS1408_HA,751,VAL,HG21,1408,CYS,HA,7773,245000,3.2
VAL751_HG22-CYS1408_HA,751,VAL,HG22,1408,CYS,HA,8888,245000,3.6
VAL751_HG23-CYS1408_HA,751,VAL,HG23,1408,CYS,HA,9107,245000,3.7
VAL751_C-CYS1408_HA,751,VAL,C,1408,CYS,HA,8834,245000,3.6
ARG768_HH21-GLY1424_O,768,ARG,HH21,1424,GLY,O,105455,245000,43.0
ARG768_HH22-GLY1424_C,768,ARG,HH22,1424,GLY,C,59855,245000,24.4
ARG768_HH22-GLY1424_O,768,ARG,HH22,1424,GLY,O,187457,245000,76.5
GLU769_CD-TYR1411_HD2,769,GLU,CD,1411,TYR,HD2,34689,245000,14.2
LYS770_HD3-GLU1415_HB2,770,LYS,HD3,1415,GLU,HB2,54977,245000,22.4
LYS770_NZ-TYR1411_CE2,770,LYS,NZ,1411,TYR,CE2,17344,245000,7.1
LYS770_NZ-TYR1411_CD2,770,LYS,NZ,1411,TYR,CD2,17248,245000,7.0
ASN772_N-ASP1423_HB2,772,ASN,N,1423,ASP,HB2,64833,245000,26.5
ASN772_HB3-ASP1423_CG,772,ASN,HB3,1423,ASP,CG,40167,245000,16.4
ASN772_C-VAL1414_HB,772,ASN,C,1414,VAL,HB,8966,245000,3.7
ARG774_HB3-SER1425_HB2,774,ARG,HB3,1425,SER,HB2,70841,245000,28.9
ARG774_CD-ASP1423_H,774,ARG,CD,1423,ASP,H,77186,245000,31.5
ARG774_CD-ASP1423_HB2,774,ARG,CD,1423,ASP,HB2,74503,245000,30.4
ARG774_CZ-ASP1423_CG,774,ARG,CZ,1423,ASP,CG,136379,245000,55.7
ARG777_HB3-LYS1470_HG3,777,ARG,HB3,1470,LYS,HG3,30915,245000,12.6
ARG777_HH22-THR1441_HB,777,ARG,HH22,1441,THR,HB,173761,245000,70.9
ARG777_HH22-THR1441_OG1,777,ARG,HH22,1441,THR,OG1,16028,245000,6.5
ARG777_HH22-THR1441_HG1,777,ARG,HH22,1441,THR,HG1,63816,245000,26.0
ARG777_C-LYS1470_HZ1,777,ARG,C,1470,LYS,HZ1,55690,245000,22.7
GLU778_HB3-SER1469_OG,778,GLU,HB3,1469,SER,OG,72378,245000,29.5
GLU778_CG-ARG1439_HB3,778,GLU,CG,1439,ARG,HB3,113702,245000,46.4
GLU778_CD-THR1441_HG1,778,GLU,CD,1441,THR,HG1,38050,245000,15.5
GLU778_OE1-THR1441_HG1,778,GLU,OE1,1441,THR,HG1,179949,245000,73.4
GLU778_OE2-THR1441_HG1,778,GLU,OE2,1441,THR,HG1,87154,245000,35.6
LEU779_CD1-ARG1439_HD3,779,LEU,CD1,1439,ARG,HD3,81894,245000,33.4
GLY781_HA3-GLN1565_OE1,781,GLY,HA3,1565,GLN,OE1,16050,245000,6.6
GLY781_C-MET395_HG2,781,GLY,C,395,MET,HG2,40296,245000,16.4
VAL783_N-ILE391_HA,783,VAL,N,391,ILE,HA,153366,245000,62.6
VAL783_N-GLY394_HA3,783,VAL,N,394,GLY,HA3,122861,245000,50.1
VAL783_CA-ALA390_O,783,VAL,CA,390,ALA,O,179084,245000,73.1
VAL783_CA-ILE391_HA,783,VAL,CA,391,ILE,HA,176502,245000,72.0
VAL783_CA-GLY394_HA3,783,VAL,CA,394,GLY,HA3,172699,245000,70.5
ASP784_HB3-ILE391_HG12,784,ASP,HB3,391,ILE,HG12,97039,245000,39.6
ASP784_OD1-ARG387_HH21,784,ASP,OD1,387,ARG,HH21,161833,245000,66.1
ASP784_OD2-ARG387_HH21,784,ASP,OD2,387,ARG,HH21,168726,245000,68.9
ASP784_C-ARG387_HE,784,ASP,C,387,ARG,HE,111446,245000,45.5
ASP784_C-ARG387_HH21,784,ASP,C,387,ARG,HH21,169088,245000,69.0
GLY785_HA3-ARG387_HG2,785,GLY,HA3,387,ARG,HG2,146936,245000,60.0
GLY785_HA3-ARG387_HE,785,GLY,HA3,387,ARG,HE,120008,245000,49.0
SER788_HB3-GLY394_HA2,788,SER,HB3,394,GLY,HA2,134226,245000,54.8
SER788_HG-GLN427_HE22,788,SER,HG,427,GLN,HE22,187214,245000,76.4
SER788_C-GLN427_HE22,788,SER,C,427,GLN,HE22,184090,245000,75.1
ILE789_N-ARG397_NH1,789,ILE,N,397,ARG,NH1,157690,245000,64.4
ILE789_N-ARG397_HH11,789,ILE,N,397,ARG,HH11,194378,245000,79.3
ILE789_CG2-GLY425_O,789,ILE,CG2,425,GLY,O,159930,245000,65.3
ILE789_HG22-LEU428_H,789,ILE,HG22,428,LEU,H,131481,245000,53.7
ILE789_HG23-LEU428_H,789,ILE,HG23,428,LEU,H,130925,245000,53.4
ILE789_CG1-LEU428_H,789,ILE,CG1,428,LEU,H,130696,245000,53.3
GLU790_CB-ARG397_HH12,790,GLU,CB,397,ARG,HH12,106837,245000,43.6
GLU790_HB3-ARG397_NH1,790,GLU,HB3,397,ARG,NH1,111134,245000,45.4
GLU790_HB3-GLY425_HA2,790,GLU,HB3,425,GLY,HA2,7520,245000,3.1
TRP793_CB-ARG426_HB3,793,TRP,CB,426,ARG,HB3,160819,245000,65.6
TRP793_CD2-ARG426_HB2,793,TRP,CD2,426,ARG,HB2,15637,245000,6.4
TRP793_CD2-GLN429_HB2,793,TRP,CD2,429,GLN,HB2,79121,245000,32.3
TRP793_O-ARG426_HB3,793,TRP,O,426,ARG,HB3,134827,245000,55.0
VAL794_N-ARG426_HD2,794,VAL,N,426,ARG,HD2,24796,245000,10.1
LEU795_N-ARG426_HG2,795,LEU,N,426,ARG,HG2,108165,245000,44.1
LEU795_CA-ILE423_CD1,795,LEU,CA,423,ILE,CD1,7910,245000,3.2
LEU795_CA-ILE423_HD11,795,LEU,CA,423,ILE,HD11,7733,245000,3.2
LEU795_CA-ILE423_HD12,795,LEU,CA,423,ILE,HD12,7686,245000,3.1
LEU795_CD1-TRP413_HE3,795,LEU,CD1,413,TRP,HE3,16955,245000,6.9
PRO796_N-ARG426_HD2,796,PRO,N,426,ARG,HD2,180033,245000,73.5
PRO796_N-ARG426_NH1,796,PRO,N,426,ARG,NH1,153344,245000,62.6
PRO796_N-ARG426_HH11,796,PRO,N,426,ARG,HH11,192792,245000,78.7
PRO797_N-ARG426_HH12,797,PRO,N,426,ARG,HH12,170113,245000,69.4
PRO798_HD3-GLY419_O,798,PRO,HD3,419,GLY,O,106138,245000,43.3
PRO798_CG-SER418_O,798,PRO,CG,418,SER,O,42633,245000,17.4
SER799_N-ARG426_HH12,799,SER,N,426,ARG,HH12,167818,245000,68.5
SER799_N-ARG426_HH22,799,SER,N,426,ARG,HH22,175964,245000,71.8
GLN803_HG3-ASP452_HB2,803,GLN,HG3,452,ASP,HB2,48167,245000,19.7
GLN803_C-ASP452_HB2,803,GLN,C,452,ASP,HB2,8560,245000,3.5
GLN803_C-ASP452_HB3,803,GLN,C,452,ASP,HB3,8123,245000,3.3
ASP805_OD1-GLN433_HE21,805,ASP,OD1,433,GLN,HE21,118999,245000,48.6
ASP805_OD2-GLN433_HE21,805,ASP,OD2,433,GLN,HE21,112927,245000,46.1
ASP805_C-GLN433_HE21,805,ASP,C,433,GLN,HE21,121526,245000,49.6
PRO819_C-LEU1328_O,819,PRO,C,1328,LEU,O,75026,245000,30.6
SER820_CA-LEU1328_C,820,SER,CA,1328,LEU,C,114676,245000,46.8
ARG829_HD3-GLY1459_HA2,829,ARG,HD3,1459,GLY,HA2,37202,245000,15.2
ARG829_HH12-GLY1459_O,829,ARG,HH12,1459,GLY,O,45839,245000,18.7
ARG829_HH22-ARG1378_HH12,829,ARG,HH22,1378,ARG,HH12,10442,245000,4.3
PRO831_N-GLY1459_HA3,831,PRO,N,1459,GLY,HA3,77522,245000,31.6
PRO833_CG-HIE1458_O,833,PRO,CG,1458,HIE,O,8281,245000,3.4
PRO833_HG3-ARG1357_HD3,833,PRO,HG3,1357,ARG,HD3,133948,245000,54.7
PRO835_CG-PHE1450_O,835,PRO,CG,1450,PHE,O,171560,245000,70.0
PRO835_C-THR1451_HA,835,PRO,C,1451,THR,HA,135128,245000,55.2
PRO836_CG-ARG1357_HH22,836,PRO,CG,1357,ARG,HH22,48738,245000,19.9
SER837_CB-ASP978_HB3,837,SER,CB,978,ASP,HB3,166470,245000,67.9
SER837_OG-TYR1712_HE2,837,SER,OG,1712,TYR,HE2,51036,245000,20.8
SER837_HG-ARG1666_HH21,837,SER,HG,1666,ARG,HH21,164450,245000,67.1
SER837_C-ARG1666_HH21,837,SER,C,1666,ARG,HH21,117897,245000,48.1
THR839_CB-ASP1642_OD1,839,THR,CB,1642,ASP,OD1,34330,245000,14.0
ARG840_CA-ASP1642_OD1,840,ARG,CA,1642,ASP,OD1,48924,245000,20.0
ARG840_HH12-ALA1641_O,840,ARG,HH12,1641,ALA,O,7567,245000,3.1
ARG840_NH2-SER856_O,840,ARG,NH2,856,SER,O,50678,245000,20.7
ARG840_HH21-SER856_O,840,ARG,HH21,856,SER,O,113374,245000,46.3
ARG840_C-SER856_O,840,ARG,C,856,SER,O,125295,245000,51.1
PRO716_C-GLN589_NE2,716,PRO,C,589,GLN,NE2,24518,245000,10.0
PRO716_C-GLN589_HE21,716,PRO,C,589,GLN,HE21,72490,245000,29.6
PRO717_HD2-GLY586_H,717,PRO,HD2,586,GLY,H,44917,245000,18.3
PRO717_HD3-GLY586_N,717,PRO,HD3,586,GLY,N,8686,245000,3.5
PRO724_N-PRO587_HB3,724,PRO,N,587,PRO,HB3,73488,245000,30.0
SER750_CA-LEU1475_CD2,750,SER,CA,1475,LEU,CD2,38687,245000,15.8
SER764_HG-SER1425_HG,764,SER,HG,1425,SER,HG,91750,245000,37.4
ARG768_CZ-GLY1424_O,768,ARG,CZ,1424,GLY,O,111492,245000,45.5
LYS770_N-ASP1423_HB3,770,LYS,N,1423,ASP,HB3,40480,245000,16.5
LYS770_CA-ASP1423_HB3,770,LYS,CA,1423,ASP,HB3,39606,245000,16.2
LYS770_CA-ASP1423_CG,770,LYS,CA,1423,ASP,CG,31068,245000,12.7
ASN772_HB3-ASP1423_OD1,772,ASN,HB3,1423,ASP,OD1,67479,245000,27.5
ARG774_CG-SER1425_HB3,774,ARG,CG,1425,SER,HB3,50149,245000,20.5
ARG774_HG3-ASP1423_HB2,774,ARG,HG3,1423,ASP,HB2,56722,245000,23.2
ARG774_CD-GLN1422_OE1,774,ARG,CD,1422,GLN,OE1,50155,245000,20.5
ARG777_HB3-LYS1470_HG2,777,ARG,HB3,1470,LYS,HG2,8533,245000,3.5
GLU778_CA-SER1469_HA,778,GLU,CA,1469,SER,HA,28625,245000,11.7
GLU778_HB3-SER1469_HA,778,GLU,HB3,1469,SER,HA,44370,245000,18.1
GLU778_HB3-SER1469_HB2,778,GLU,HB3,1469,SER,HB2,45614,245000,18.6
GLU778_CG-ARG1439_HB2,778,GLU,CG,1439,ARG,HB2,8040,245000,3.3
GLU778_HG2-THR1441_HG1,778,GLU,HG2,1441,THR,HG1,8367,245000,3.4
GLU778_OE2-THR1441_OG1,778,GLU,OE2,1441,THR,OG1,52989,245000,21.6
GLU778_C-SER1469_HA,778,GLU,C,1469,SER,HA,10518,245000,4.3
GLU778_C-LYS1470_H,778,GLU,C,1470,LYS,H,10932,245000,4.5
GLU778_C-LYS1470_HG2,778,GLU,C,1470,LYS,HG2,11333,245000,4.6
GLU778_C-LYS1470_NZ,778,GLU,C,1470,LYS,NZ,65863,245000,26.9
GLU778_C-LYS1470_HZ3,778,GLU,C,1470,LYS,HZ3,21377,245000,8.7
LEU779_N-ARG1439_NH1,779,LEU,N,1439,ARG,NH1,19326,245000,7.9
LEU779_N-ARG1439_HH12,779,LEU,N,1439,ARG,HH12,8888,245000,3.6
LEU779_N-ARG1439_HH22,779,LEU,N,1439,ARG,HH22,8055,245000,3.3
GLY782_CA-GLN1565_OE1,782,GLY,CA,1565,GLN,OE1,147272,245000,60.1
ASP784_N-ILE391_HG13,784,ASP,N,391,ILE,HG13,80466,245000,32.8
ASP784_HB3-ILE391_HG13,784,ASP,HB3,391,ILE,HG13,66685,245000,27.2
ASP784_OD1-ARG387_HE,784,ASP,OD1,387,ARG,HE,95723,245000,39.1
ASP784_OD2-ARG387_HE,784,ASP,OD2,387,ARG,HE,101106,245000,41.3
SER788_OG-ALA390_HA,788,SER,OG,390,ALA,HA,16617,245000,6.8
SER788_OG-ALA390_O,788,SER,OG,390,ALA,O,24423,245000,10.0
SER788_HG-GLN427_NE2,788,SER,HG,427,GLN,NE2,109986,245000,44.9
SER788_C-GLN427_HG2,788,SER,C,427,GLN,HG2,107311,245000,43.8
SER788_C-GLN427_HG3,788,SER,C,427,GLN,HG3,115282,245000,47.1
GLU790_CA-GLY425_C,790,GLU,CA,425,GLY,C,115975,245000,47.3
GLU790_HG3-PHE406_CZ,790,GLU,HG3,406,PHE,CZ,96728,245000,39.5
TRP793_CB-ARG426_HA,793,TRP,CB,426,ARG,HA,137556,245000,56.1
TRP793_CE3-LEU428_HB2,793,TRP,CE3,428,LEU,HB2,57938,245000,23.6
LEU795_N-ARG426_HB3,795,LEU,N,426,ARG,HB3,99189,245000,40.5
SER799_N-ARG426_NH2,799,SER,N,426,ARG,NH2,96890,245000,39.5
GLN803_CG-HIE497_ND1,803,GLN,CG,497,HIE,ND1,16158,245000,6.6
GLN803_CG-HIE497_HE1,803,GLN,CG,497,HIE,HE1,60818,245000,24.8
VAL809_N-PHE484_HB3,809,VAL,N,484,PHE,HB3,17108,245000,7.0
GLU814_HB3-PHE406_HD1,814,GLU,HB3,406,PHE,HD1,90907,245000,37.1
GLU814_CG-PHE406_HD1,814,GLU,CG,406,PHE,HD1,84671,245000,34.6
SER820_CA-LEU1328_HB3,820,SER,CA,1328,LEU,HB3,124963,245000,51.0
SER820_C-LEU1328_H,820,SER,C,1328,LEU,H,120599,245000,49.2
GLU823_CA-GLU1329_CD,823,GLU,CA,1329,GLU,CD,24461,245000,10.0
GLU823_CB-ARG1378_NH2,823,GLU,CB,1378,ARG,NH2,40799,245000,16.7
GLU823_CB-ARG1378_HH21,823,GLU,CB,1378,ARG,HH21,58341,245000,23.8
PRO824_HD3-GLU1327_HB3,824,PRO,HD3,1327,GLU,HB3,150879,245000,61.6
ARG825_HG3-PRO1324_HB2,825,ARG,HG3,1324,PRO,HB2,42827,245000,17.5
ARG825_HD3-PRO1324_HB2,825,ARG,HD3,1324,PRO,HB2,78383,245000,32.0
ARG825_HD3-CYS1325_O,825,ARG,HD3,1325,CYS,O,54667,245000,22.3
ARG825_HH11-CYS1325_O,825,ARG,HH11,1325,CYS,O,77927,245000,31.8
ARG825_HH12-CYS1325_O,825,ARG,HH12,1325,CYS,O,171270,245000,69.9
ARG825_NH2-GLU1327_H,825,ARG,NH2,1327,GLU,H,66760,245000,27.2
ARG829_HD3-GLY1459_HA3,829,ARG,HD3,1459,GLY,HA3,16979,245000,6.9
ARG829_HD3-GLY1459_O,829,ARG,HD3,1459,GLY,O,17961,245000,7.3
ARG829_NE-GLY1459_O,829,ARG,NE,1459,GLY,O,28330,245000,11.6
ARG829_NH2-GLU1525_OE1,829,ARG,NH2,1525,GLU,OE1,61394,245000,25.1
ARG829_HH21-GLU1525_OE1,829,ARG,HH21,1525,GLU,OE1,8225,245000,3.4
ARG829_C-GLU1525_CD,829,ARG,C,1525,GLU,CD,67790,245000,27.7
ARG829_C-GLU1525_OE1,829,ARG,C,1525,GLU,OE1,67176,245000,27.4
PRO831_HB3-SER1524_HB2,831,PRO,HB3,1524,SER,HB2,8293,245000,3.4
PRO831_HB3-SER1524_OG,831,PRO,HB3,1524,SER,OG,8146,245000,3.3
PRO831_HB3-SER1524_HG,831,PRO,HB3,1524,SER,HG,7996,245000,3.3
PRO831_CA-GLU1525_HG3,831,PRO,CA,1525,GLU,HG3,33802,245000,13.8
PRO832_HD3-GLU1525_HG2,832,PRO,HD3,1525,GLU,HG2,7834,245000,3.2
PRO832_HD3-GLU1525_HG3,832,PRO,HD3,1525,GLU,HG3,69252,245000,28.3
PRO832_CB-LYS1460_HA,832,PRO,CB,1460,LYS,HA,34743,245000,14.2
PRO832_CB-VAL1461_H,832,PRO,CB,1461,VAL,H,67777,245000,27.7
PRO832_CA-LYS1460_HG3,832,PRO,CA,1460,LYS,HG3,65857,245000,26.9
PRO832_C-LYS1460_HA,832,PRO,C,1460,LYS,HA,79026,245000,32.3
PRO832_C-LYS1460_HG3,832,PRO,C,1460,LYS,HG3,41126,245000,16.8
PRO833_HD3-ARG1357_HD2,833,PRO,HD3,1357,ARG,HD2,151782,245000,62.0
PRO833_HD3-ARG1357_HD3,833,PRO,HD3,1357,ARG,HD3,118623,245000,48.4
PRO833_CG-LYS1460_HB2,833,PRO,CG,1460,LYS,HB2,139195,245000,56.8
PRO833_HB3-ARG1357_NE,833,PRO,HB3,1357,ARG,NE,114379,245000,46.7
PRO833_HB3-ARG1357_CZ,833,PRO,HB3,1357,ARG,CZ,52817,245000,21.6
PRO834_N-ARG1357_HE,834,PRO,N,1357,ARG,HE,24071,245000,9.8
PRO834_N-ASN1448_HD21,834,PRO,N,1448,ASN,HD21,171355,245000,69.9
PRO834_N-LYS1449_HB2,834,PRO,N,1449,LYS,HB2,47475,245000,19.4
PRO834_C-LYS1449_HB2,834,PRO,C,1449,LYS,HB2,88876,245000,36.3
PRO834_C-LYS1449_HB3,834,PRO,C,1449,LYS,HB3,54658,245000,22.3
PRO834_C-LYS1449_HG3,834,PRO,C,1449,LYS,HG3,48894,245000,20.0
PRO835_HG3-PHE1450_HD2,835,PRO,HG3,1450,PHE,HD2,60287,245000,24.6
PRO835_CB-PHE1450_HD2,835,PRO,CB,1450,PHE,HD2,136167,245000,55.6
PRO835_CA-THR1452_HB,835,PRO,CA,1452,THR,HB,78663,245000,32.1
PRO836_CG-GLU1454_OE2,836,PRO,CG,1454,GLU,OE2,42077,245000,17.2
PRO836_HB3-THR982_HG1,836,PRO,HB3,982,THR,HG1,30978,245000,12.6
ARG838_CB-GLY855_H,838,ARG,CB,855,GLY,H,15916,245000,6.5
ARG838_CG-ARG1644_HD3,838,ARG,CG,1644,ARG,HD3,76013,245000,31.0
THR839_CB-ARG1644_NH2,839,THR,CB,1644,ARG,NH2,99730,245000,40.7
THR839_CB-ARG1644_HH21,839,THR,CB,1644,ARG,HH21,128167,245000,52.3
ARG840_CB-GLY855_HA2,840,ARG,CB,855,GLY,HA2,90820,245000,37.1
ARG840_HB3-ASP1642_OD1,840,ARG,HB3,1642,ASP,OD1,55008,245000,22.5
ARG840_HB3-ASP1642_OD2,840,ARG,HB3,1642,ASP,OD2,26012,245000,10.6
ARG840_CG-LYS1640_HB3,840,ARG,CG,1640,LYS,HB3,128614,245000,52.5
ARG840_HG3-LYS1640_HB3,840,ARG,HG3,1640,LYS,HB3,61370,245000,25.0
ARG840_HG3-LYS1640_HD2,840,ARG,HG3,1640,LYS,HD2,49068,245000,20.0
ARG840_HD3-LYS1640_HA,840,ARG,HD3,1640,LYS,HA,90026,245000,36.7
ARG840_HD3-LYS1640_HB3,840,ARG,HD3,1640,LYS,HB3,94923,245000,38.7
ARG840_HE-ALA1641_O,840,ARG,HE,1641,ALA,O,86673,245000,35.4
ARG840_CZ-ALA1641_O,840,ARG,CZ,1641,ALA,O,112795,245000,46.0
ARG840_HH11-TYR975_HE1,840,ARG,HH11,975,TYR,HE1,25830,245000,10.5
ARG840_HH11-TYR975_OH,840,ARG,HH11,975,TYR,OH,80769,245000,33.0
ARG840_NH2-TYR975_HE1,840,ARG,NH2,975,TYR,HE1,100573,245000,41.1
ARG840_NH2-TYR975_CZ,840,ARG,NH2,975,TYR,CZ,80342,245000,32.8
ARG840_NH2-TYR975_OH,840,ARG,NH2,975,TYR,OH,111849,245000,45.7
ARG840_NH2-TYR975_HH,840,ARG,NH2,975,TYR,HH,104497,245000,42.7
ARG840_HH21-GLU859_HB2,840,ARG,HH21,859,GLU,HB2,71361,245000,29.1
ARG840_HH22-SER856_H,840,ARG,HH22,856,SER,H,85090,245000,34.7
ARG840_HH22-SER856_HG,840,ARG,HH22,856,SER,HG,68349,245000,27.9
ARG840_HH22-GLU859_HB2,840,ARG,HH22,859,GLU,HB2,74343,245000,30.3
ARG840_HH22-ALA1641_O,840,ARG,HH22,1641,ALA,O,23517,245000,9.6
ARG840_HH22-ASP1642_HA,840,ARG,HH22,1642,ASP,HA,15968,245000,6.5
ARG840_HH22-ASP1642_OD2,840,ARG,HH22,1642,ASP,OD2,15535,245000,6.3
PRO716_N-ARG703_HH12,716,PRO,N,703,ARG,HH12,38047,245000,15.5
PRO717_CB-ASN585_OD1,717,PRO,CB,585,ASN,OD1,40120,245000,16.4
PRO724_N-PRO587_HA,724,PRO,N,587,PRO,HA,48504,245000,19.8
PRO724_HD3-PRO587_HA,724,PRO,HD3,587,PRO,HA,34361,245000,14.0
ALA743_CB-THR1407_OG1,743,ALA,CB,1407,THR,OG1,40596,245000,16.6
SER744_N-THR1406_HA,744,SER,N,1406,THR,HA,76432,245000,31.2
SER744_N-THR1406_HB,744,SER,N,1406,THR,HB,70957,245000,29.0
SER744_N-THR1407_H,744,SER,N,1407,THR,H,99506,245000,40.6
SER744_CB-THR1406_HA,744,SER,CB,1406,THR,HA,67955,245000,27.7
SER745_CB-ALA1405_O,745,SER,CB,1405,ALA,O,124940,245000,51.0
VAL746_CA-ALA1405_O,746,VAL,CA,1405,ALA,O,127769,245000,52.2
VAL746_CG1-THR1406_HA,746,VAL,CG1,1406,THR,HA,8277,245000,3.4
VAL746_CG1-THR1406_C,746,VAL,CG1,1406,THR,C,17290,245000,7.1
LYS770_H-ASP1423_OD2,770,LYS,H,1423,ASP,OD2,45145,245000,18.4
LYS770_CA-ASP1423_OD2,770,LYS,CA,1423,ASP,OD2,64834,245000,26.5
ARG777_CG-LYS1470_HD2,777,ARG,CG,1470,LYS,HD2,41614,245000,17.0
GLU778_HG2-SER1469_HA,778,GLU,HG2,1469,SER,HA,114279,245000,46.6
LEU779_N-ARG1439_HH11,779,LEU,N,1439,ARG,HH11,19007,245000,7.8
SER788_O-ARG397_HH11,788,SER,O,397,ARG,HH11,59269,245000,24.2
ILE789_N-ARG397_HD2,789,ILE,N,397,ARG,HD2,99762,245000,40.7
GLU790_HB3-ARG397_HH22,790,GLU,HB3,397,ARG,HH22,35335,245000,14.4
GLN817_NE2-LEU1333_HB3,817,GLN,NE2,1333,LEU,HB3,89823,245000,36.7
PRO819_C-LEU1328_HG,819,PRO,C,1328,LEU,HG,34832,245000,14.2
SER820_HB2-LEU1328_H,820,SER,HB2,1328,LEU,H,41376,245000,16.9
ARG829_HG3-GLY1459_HA2,829,ARG,HG3,1459,GLY,HA2,17782,245000,7.3
ARG829_CZ-GLY1459_O,829,ARG,CZ,1459,GLY,O,34450,245000,14.1
ARG829_HH22-GLY1459_O,829,ARG,HH22,1459,GLY,O,35063,245000,14.3
ARG829_C-ARG1377_HH22,829,ARG,C,1377,ARG,HH22,30440,245000,12.4
LYS830_CA-GLY1459_HA3,830,LYS,CA,1459,GLY,HA3,28556,245000,11.7
PRO833_HB3-ARG1357_HD3,833,PRO,HB3,1357,ARG,HD3,32063,245000,13.1
PRO834_HG3-LYS1640_HE3,834,PRO,HG3,1640,LYS,HE3,31521,245000,12.9
SER837_N-ASP978_HA,837,SER,N,978,ASP,HA,59885,245000,24.4
SER837_CB-ASP978_HA,837,SER,CB,978,ASP,HA,73219,245000,29.9
ARG840_CA-ASP1642_OD2,840,ARG,CA,1642,ASP,OD2,82637,245000,33.7
ARG840_CZ-ASP1642_OD1,840,ARG,CZ,1642,ASP,OD1,62880,245000,25.7
ARG840_HH21-ASP1642_OD1,840,ARG,HH21,1642,ASP,OD1,76200,245000,31.1
ARG840_HH22-ASP1642_OD1,840,ARG,HH22,1642,ASP,OD1,87316,245000,35.6
ARG840_C-TYR975_HE1,840,ARG,C,975,TYR,HE1,45819,245000,18.7
SER715_CA-ARG703_HH22,715,SER,CA,703,ARG,HH22,27247,245000,11.1
PRO716_N-ARG703_HH22,716,PRO,N,703,ARG,HH22,50474,245000,20.6
ALA726_CA-GLN589_OE1,726,ALA,CA,589,GLN,OE1,30656,245000,12.5
PRO735_CA-TYR1411_HE1,735,PRO,CA,1411,TYR,HE1,7928,245000,3.2
GLU769_CD-TYR1411_HD1,769,GLU,CD,1411,TYR,HD1,20839,245000,8.5
ARG777_HB2-LYS1470_HB2,777,ARG,HB2,1470,LYS,HB2,16931,245000,6.9
ARG777_HH21-THR1441_HB,777,ARG,HH21,1441,THR,HB,113393,245000,46.3
GLU778_CD-ARG1439_O,778,GLU,CD,1439,ARG,O,105297,245000,43.0
GLU778_CD-ILE1440_HA,778,GLU,CD,1440,ILE,HA,116884,245000,47.7
GLU778_CD-SER1469_HA,778,GLU,CD,1469,SER,HA,122772,245000,50.1
GLU778_OE1-THR1441_H,778,GLU,OE1,1441,THR,H,117940,245000,48.1
GLU778_OE1-LYS1470_HZ1,778,GLU,OE1,1470,LYS,HZ1,38443,245000,15.7
GLU778_C-THR1441_HG1,778,GLU,C,1441,THR,HG1,119448,245000,48.8
LEU779_N-ARG1439_HE,779,LEU,N,1439,ARG,HE,52161,245000,21.3
LEU779_N-ARG1439_HH21,779,LEU,N,1439,ARG,HH21,53906,245000,22.0
LEU779_CD1-ARG1439_HD2,779,LEU,CD1,1439,ARG,HD2,50695,245000,20.7
ASN780_CA-THR1441_OG1,780,ASN,CA,1441,THR,OG1,120093,245000,49.0
ASN780_CA-THR1441_HG1,780,ASN,CA,1441,THR,HG1,121557,245000,49.6
TRP793_CG-ARG426_HB2,793,TRP,CG,426,ARG,HB2,86715,245000,35.4
GLN803_HB3-PRO487_HB3,803,GLN,HB3,487,PRO,HB3,8915,245000,3.6
GLN817_C-LYS405_HE3,817,GLN,C,405,LYS,HE3,42921,245000,17.5
ARG825_NH2-PRO1326_HA,825,ARG,NH2,1326,PRO,HA,34562,245000,14.1
ARG829_HH11-GLU1525_OE1,829,ARG,HH11,1525,GLU,OE1,7794,245000,3.2
ARG829_NH2-GLU1525_CD,829,ARG,NH2,1525,GLU,CD,49677,245000,20.3
ARG829_NH2-GLU1525_OE2,829,ARG,NH2,1525,GLU,OE2,42285,245000,17.3
ARG829_HH21-ARG1377_HH22,829,ARG,HH21,1377,ARG,HH22,8930,245000,3.6
ARG829_HH21-GLY1459_O,829,ARG,HH21,1459,GLY,O,10109,245000,4.1
ARG829_C-GLU1525_OE2,829,ARG,C,1525,GLU,OE2,47579,245000,19.4
LYS830_HG3-GLY1459_HA3,830,LYS,HG3,1459,GLY,HA3,19064,245000,7.8
PRO831_CA-SER1524_HG,831,PRO,CA,1524,SER,HG,15785,245000,6.4
PRO832_HG3-ARG1374_NH2,832,PRO,HG3,1374,ARG,NH2,23604,245000,9.6
PRO832_HG3-ARG1374_HH21,832,PRO,HG3,1374,ARG,HH21,8175,245000,3.3
PRO832_HG3-ARG1374_HH22,832,PRO,HG3,1374,ARG,HH22,35521,245000,14.5
PRO832_C-LYS1460_HB2,832,PRO,C,1460,LYS,HB2,109437,245000,44.7
PRO834_CB-LYS1449_HG3,834,PRO,CB,1449,LYS,HG3,8145,245000,3.3
PRO836_HG3-THR982_OG1,836,PRO,HG3,982,THR,OG1,41380,245000,16.9
PRO836_CB-THR982_HA,836,PRO,CB,982,THR,HA,35077,245000,14.3
SER837_HB3-TYR1712_HE2,837,SER,HB3,1712,TYR,HE2,26145,245000,10.7
SER837_HB3-TYR1712_HD2,837,SER,HB3,1712,TYR,HD2,54360,245000,22.2
SER837_OG-ASP978_HB3,837,SER,OG,978,ASP,HB3,49001,245000,20.0
ARG838_CG-ARG1644_HD2,838,ARG,CG,1644,ARG,HD2,17822,245000,7.3
ARG838_HG3-TYR1712_HE2,838,ARG,HG3,1712,TYR,HE2,22327,245000,9.1
ARG838_HH22-HIE1275_HE2,838,ARG,HH22,1275,HIE,HE2,102336,245000,41.8
THR839_CB-ARG1644_HH22,839,THR,CB,1644,ARG,HH22,61400,245000,25.1
PHE714_CE1-ARG703_HH21,714,PHE,CE1,703,ARG,HH21,8478,245000,3.5
PHE714_CZ-ARG703_HH21,714,PHE,CZ,703,ARG,HH21,8698,245000,3.6
PHE714_CE2-GLN589_HB3,714,PHE,CE2,589,GLN,HB3,8044,245000,3.3
PRO716_CA-GLN589_OE1,716,PRO,CA,589,GLN,OE1,7752,245000,3.2
PRO717_CG-ARG703_HH12,717,PRO,CG,703,ARG,HH12,20070,245000,8.2
PRO749_HB3-LEU1430_HB3,749,PRO,HB3,1430,LEU,HB3,8246,245000,3.4
PRO749_C-LEU1475_HD23,749,PRO,C,1475,LEU,HD23,7548,245000,3.1
SER776_C-GLN1422_NE2,776,SER,C,1422,GLN,NE2,7598,245000,3.1
ARG777_C-LYS1470_HD3,777,ARG,C,1470,LYS,HD3,8845,245000,3.6
ARG777_C-LYS1470_HZ2,777,ARG,C,1470,LYS,HZ2,32420,245000,13.2
GLU778_HB3-ARG1439_O,778,GLU,HB3,1439,ARG,O,44595,245000,18.2
GLU778_HB3-SER1469_HG,778,GLU,HB3,1469,SER,HG,7687,245000,3.1
GLU778_HG3-LYS1470_HD2,778,GLU,HG3,1470,LYS,HD2,35159,245000,14.4
GLU778_C-THR1441_N,778,GLU,C,1441,THR,N,18883,245000,7.7
GLU778_C-THR1441_H,778,GLU,C,1441,THR,H,96304,245000,39.3
GLU778_C-THR1441_HB,778,GLU,C,1441,THR,HB,66968,245000,27.3
GLU778_C-LYS1470_HZ1,778,GLU,C,1470,LYS,HZ1,14999,245000,6.1
GLU778_O-ARG1439_HE,778,GLU,O,1439,ARG,HE,31021,245000,12.7
LEU779_N-ARG1439_NH2,779,LEU,N,1439,ARG,NH2,28062,245000,11.5
LEU779_CB-THR1441_HG1,779,LEU,CB,1441,THR,HG1,95415,245000,38.9
GLY782_H-GLN1565_OE1,782,GLY,H,1565,GLN,OE1,34879,245000,14.2
GLY782_CA-GLN1565_CD,782,GLY,CA,1565,GLN,CD,66229,245000,27.0
VAL783_CG1-LYS1568_HA,783,VAL,CG1,1568,LYS,HA,52328,245000,21.4
ALA787_CB-ALA390_HB1,787,ALA,CB,390,ALA,HB1,22955,245000,9.4
ALA787_CB-ALA390_HB2,787,ALA,CB,390,ALA,HB2,24393,245000,10.0
GLU790_H-GLY425_HA2,790,GLU,H,425,GLY,HA2,7842,245000,3.2
ASP805_C-ARG435_NH1,805,ASP,C,435,ARG,NH1,8146,245000,3.3
PRO836_CG-THR1452_O,836,PRO,CG,1452,THR,O,8043,245000,3.3
ARG838_C-VAL1711_O,838,ARG,C,1711,VAL,O,92846,245000,37.9
THR839_C-ARG1644_HH22,839,THR,C,1644,ARG,HH22,16692,245000,6.8
ARG840_CD-TYR853_HD2,840,ARG,CD,853,TYR,HD2,7605,245000,3.1
ARG840_HH22-SER856_O,840,ARG,HH22,856,SER,O,16035,245000,6.5
ARG840_C-TYR975_OH,840,ARG,C,975,TYR,OH,7761,245000,3.2
GLY781_HA3-GLN1565_HE21,781,GLY,HA3,1565,GLN,HE21,15870,245000,6.5
VAL783_H-ILE391_HA,783,VAL,H,391,ILE,HA,73212,245000,29.9
SER788_OG-GLY394_HA2,788,SER,OG,394,GLY,HA2,62495,245000,25.5
ILE789_HG21-LEU428_H,789,ILE,HG21,428,LEU,H,50559,245000,20.6
TRP793_CE3-LEU428_HB3,793,TRP,CE3,428,LEU,HB3,37400,245000,15.3
VAL794_N-ARG426_HH11,794,VAL,N,426,ARG,HH11,24105,245000,9.8
GLU800_OE1-GLN429_HE22,800,GLU,OE1,429,GLN,HE22,17811,245000,7.3
GLU801_CG-GLN495_HG2,801,GLU,CG,495,GLN,HG2,16577,245000,6.8
HIE802_N-GLN495_NE2,802,HIE,N,495,GLN,NE2,8437,245000,3.4
HIE802_CE1-ALA488_H,802,HIE,CE1,488,ALA,H,10387,245000,4.2
GLN803_CA-LEU491_CD1,803,GLN,CA,491,LEU,CD1,7597,245000,3.1
GLN803_CA-LEU491_HD11,803,GLN,CA,491,LEU,HD11,8647,245000,3.5
GLN803_CA-LEU491_HD12,803,GLN,CA,491,LEU,HD12,8103,245000,3.3
GLN803_CA-LEU491_HD13,803,GLN,CA,491,LEU,HD13,8232,245000,3.4
GLN803_HB3-PRO487_HB2,803,GLN,HB3,487,PRO,HB2,8769,245000,3.6
GLN803_HB3-ALA488_H,803,GLN,HB3,488,ALA,H,10848,245000,4.4
GLN803_CG-HIE497_HE2,803,GLN,CG,497,HIE,HE2,10936,245000,4.5
GLN803_CD-HIE497_HE1,803,GLN,CD,497,HIE,HE1,18816,245000,7.7
ILE804_N-GLY496_HA2,804,ILE,N,496,GLY,HA2,27092,245000,11.1
PRO811_HG3-PHE406_HB3,811,PRO,HG3,406,PHE,HB3,28774,245000,11.7
ARG825_HG3-PRO1324_HG3,825,ARG,HG3,1324,PRO,HG3,7521,245000,3.1
PRO722_N-GLY586_HA2,722,PRO,N,586,GLY,HA2,45148,245000,18.4
ALA726_N-GLN589_HB2,726,ALA,N,589,GLN,HB2,7587,245000,3.1
SER738_OG-THR1407_HG1,738,SER,OG,1407,THR,HG1,7533,245000,3.1
LYS770_CA-VAL1414_HB,770,LYS,CA,1414,VAL,HB,11621,245000,4.7
GLU778_C-THR1441_OG1,778,GLU,C,1441,THR,OG1,78512,245000,32.0
ALA787_CB-ALA390_HB3,787,ALA,CB,390,ALA,HB3,23378,245000,9.5
GLN803_HE21-ASP452_OD1,803,GLN,HE21,452,ASP,OD1,8549,245000,3.5
PRO834_CA-LYS1449_HE2,834,PRO,CA,1449,LYS,HE2,7583,245000,3.1
PRO834_C-LYS1449_HD3,834,PRO,C,1449,LYS,HD3,34525,245000,14.1
ARG838_CD-TYR1712_HE2,838,ARG,CD,1712,TYR,HE2,7543,245000,3.1
PRO716_N-ARG703_HH21,716,PRO,N,703,ARG,HH21,9193,245000,3.8
SER764_C-SER1425_HB3,764,SER,C,1425,SER,HB3,8787,245000,3.6
ARG767_CD-ASP1423_HB2,767,ARG,CD,1423,ASP,HB2,10173,245000,4.2
ARG767_CD-ASP1423_O,767,ARG,CD,1423,ASP,O,42967,245000,17.5
ARG774_NH2-VAL1418_C,774,ARG,NH2,1418,VAL,C,42183,245000,17.2
ARG774_HH21-GLY1421_O,774,ARG,HH21,1421,GLY,O,11541,245000,4.7
ARG774_HH22-ASP1423_H,774,ARG,HH22,1423,ASP,H,8569,245000,3.5
SER776_CB-GLN1422_OE1,776,SER,CB,1422,GLN,OE1,7865,245000,3.2
ARG777_CA-GLN1422_OE1,777,ARG,CA,1422,GLN,OE1,10303,245000,4.2
ARG777_CZ-THR1441_HB,777,ARG,CZ,1441,THR,HB,60441,245000,24.7
ARG777_CZ-THR1441_HG1,777,ARG,CZ,1441,THR,HG1,68427,245000,27.9
ARG777_HH21-LYS1470_HZ1,777,ARG,HH21,1470,LYS,HZ1,16223,245000,6.6
ARG777_HH22-THR1441_H,777,ARG,HH22,1441,THR,H,74946,245000,30.6
GLU778_HG3-LYS1470_HB2,778,GLU,HG3,1470,LYS,HB2,8065,245000,3.3
GLU778_OE2-THR1441_H,778,GLU,OE2,1441,THR,H,80561,245000,32.9
GLU778_OE2-THR1441_HB,778,GLU,OE2,1441,THR,HB,7663,245000,3.1
GLU778_C-ILE1440_HA,778,GLU,C,1440,ILE,HA,8315,245000,3.4
LEU779_CG-GLN1565_OE1,779,LEU,CG,1565,GLN,OE1,58401,245000,23.8
LEU779_CD1-ARG1439_HB3,779,LEU,CD1,1439,ARG,HB3,67083,245000,27.4
ASP784_C-ARG387_NE,784,ASP,C,387,ARG,NE,7581,245000,3.1
GLN803_HG3-PRO487_HB3,803,GLN,HG3,487,PRO,HB3,7730,245000,3.2
GLU814_O-LYS405_HB3,814,GLU,O,405,LYS,HB3,23821,245000,9.7
LEU815_N-ILE407_N,815,LEU,N,407,ILE,N,7610,245000,3.1
GLN817_HE22-LEU1333_HB3,817,GLN,HE22,1333,LEU,HB3,23849,245000,9.7
SER820_HG-GLU1327_HA,820,SER,HG,1327,GLU,HA,52502,245000,21.4
PRO824_CB-GLU1327_HA,824,PRO,CB,1327,GLU,HA,55611,245000,22.7
PRO824_CB-GLU1327_HB3,824,PRO,CB,1327,GLU,HB3,56532,245000,23.1
ARG825_NE-PRO1324_HG2,825,ARG,NE,1324,PRO,HG2,40757,245000,16.6
ARG825_NE-PRO1324_HB2,825,ARG,NE,1324,PRO,HB2,59151,245000,24.1
ARG825_NH2-GLU1327_HB3,825,ARG,NH2,1327,GLU,HB3,62932,245000,25.7
ARG829_CB-GLY1459_O,829,ARG,CB,1459,GLY,O,76447,245000,31.2
ARG829_HB3-PRO1324_HG2,829,ARG,HB3,1324,PRO,HG2,44737,245000,18.3
ARG829_NE-ARG1377_HH21,829,ARG,NE,1377,ARG,HH21,47373,245000,19.3
ARG829_NE-VAL1461_HG11,829,ARG,NE,1461,VAL,HG11,42779,245000,17.5
ARG829_NE-VAL1461_HG12,829,ARG,NE,1461,VAL,HG12,35638,245000,14.5
ARG829_NE-VAL1461_HG13,829,ARG,NE,1461,VAL,HG13,35496,245000,14.5
ARG829_CZ-GLU1327_CD,829,ARG,CZ,1327,GLU,CD,77083,245000,31.5
ARG829_CZ-GLU1327_OE1,829,ARG,CZ,1327,GLU,OE1,77211,245000,31.5
ARG829_CZ-GLU1327_OE2,829,ARG,CZ,1327,GLU,OE2,75376,245000,30.8
ARG829_CZ-ARG1377_HE,829,ARG,CZ,1377,ARG,HE,64454,245000,26.3
ARG829_CZ-ARG1377_HH21,829,ARG,CZ,1377,ARG,HH21,55942,245000,22.8
ARG829_HH21-GLU1327_OE1,829,ARG,HH21,1327,GLU,OE1,54506,245000,22.2
ARG829_HH21-GLU1327_OE2,829,ARG,HH21,1327,GLU,OE2,52050,245000,21.2
ARG829_HH22-GLU1327_CD,829,ARG,HH22,1327,GLU,CD,84659,245000,34.6
ARG829_HH22-GLU1327_OE1,829,ARG,HH22,1327,GLU,OE1,77400,245000,31.6
ARG829_HH22-GLU1327_OE2,829,ARG,HH22,1327,GLU,OE2,76232,245000,31.1
ARG829_HH22-ARG1377_HE,829,ARG,HH22,1377,ARG,HE,65772,245000,26.8
ARG829_C-ARG1378_HH22,829,ARG,C,1378,ARG,HH22,75418,245000,30.8
LYS830_CA-GLY1459_O,830,LYS,CA,1459,GLY,O,74125,245000,30.3
LYS830_HD3-HIE1458_HB3,830,LYS,HD3,1458,HIE,HB3,21719,245000,8.9
PRO831_N-LYS1460_HA,831,PRO,N,1460,LYS,HA,84612,245000,34.5
PRO831_N-VAL1461_H,831,PRO,N,1461,VAL,H,62427,245000,25.5
PRO831_CA-SER1524_HB3,831,PRO,CA,1524,SER,HB3,16229,245000,6.6
PRO831_CA-GLU1525_HG2,831,PRO,CA,1525,GLU,HG2,77642,245000,31.7
PRO832_CA-ASN1448_HA,832,PRO,CA,1448,ASN,HA,62746,245000,25.6
PRO832_CA-ASN1448_OD1,832,PRO,CA,1448,ASN,OD1,33001,245000,13.5
PRO833_HD3-ARG1357_CD,833,PRO,HD3,1357,ARG,CD,28769,245000,11.7
PRO833_HD3-ASN1448_OD1,833,PRO,HD3,1448,ASN,OD1,77206,245000,31.5
PRO833_CG-LYS1460_HB3,833,PRO,CG,1460,LYS,HB3,79823,245000,32.6
PRO833_HG3-HIE1458_HB2,833,PRO,HG3,1458,HIE,HB2,9088,245000,3.7
PRO833_HG3-HIE1458_HD2,833,PRO,HG3,1458,HIE,HD2,16445,245000,6.7
PRO833_HB3-ARG1357_HE,833,PRO,HB3,1357,ARG,HE,57241,245000,23.4
PRO834_N-ASN1448_ND2,834,PRO,N,1448,ASN,ND2,34169,245000,13.9
PRO835_HG3-PHE1450_HE2,835,PRO,HG3,1450,PHE,HE2,32538,245000,13.3
PRO835_C-THR1452_H,835,PRO,C,1452,THR,H,63248,245000,25.8
SER837_CB-ASP978_CB,837,SER,CB,978,ASP,CB,42864,245000,17.5
ARG838_HB3-TYR1712_HE2,838,ARG,HB3,1712,TYR,HE2,20181,245000,8.2
ARG838_CD-ARG1644_HD2,838,ARG,CD,1644,ARG,HD2,11253,245000,4.6
ARG838_NH2-VAL1711_CG1,838,ARG,NH2,1711,VAL,CG1,7640,245000,3.1
ARG838_NH2-VAL1711_HG11,838,ARG,NH2,1711,VAL,HG11,7998,245000,3.3
ARG838_NH2-VAL1711_HG12,838,ARG,NH2,1711,VAL,HG12,17168,245000,7.0
ARG838_NH2-VAL1711_HG13,838,ARG,NH2,1711,VAL,HG13,8690,245000,3.5
ARG838_HH21-VAL1711_O,838,ARG,HH21,1711,VAL,O,63095,245000,25.8
ARG838_C-VAL1711_HG12,838,ARG,C,1711,VAL,HG12,8871,245000,3.6
THR839_C-GLU1520_OE2,839,THR,C,1520,GLU,OE2,7859,245000,3.2
ALA743_N-THR1407_HG1,743,ALA,N,1407,THR,HG1,12298,245000,5.0
ALA743_CB-THR1407_HB,743,ALA,CB,1407,THR,HB,11739,245000,4.8
SER744_N-THR1407_N,744,SER,N,1407,THR,N,7590,245000,3.1
VAL746_CB-THR1407_H,746,VAL,CB,1407,THR,H,8034,245000,3.3
VAL746_CB-THR1407_OG1,746,VAL,CB,1407,THR,OG1,12284,245000,5.0
SER747_CA-THR1407_OG1,747,SER,CA,1407,THR,OG1,12370,245000,5.0
SER747_CA-THR1407_HG1,747,SER,CA,1407,THR,HG1,11249,245000,4.6
LEU765_CA-SER1425_HG,765,LEU,CA,1425,SER,HG,59004,245000,24.1
ARG767_CB-GLY1424_O,767,ARG,CB,1424,GLY,O,61095,245000,24.9
ARG767_HG3-SER1425_HA,767,ARG,HG3,1425,SER,HA,11334,245000,4.6
ARG767_HG3-SER1425_HB2,767,ARG,HG3,1425,SER,HB2,19958,245000,8.1
ARG768_CA-GLY1424_HA3,768,ARG,CA,1424,GLY,HA3,46319,245000,18.9
ARG768_CA-GLY1424_C,768,ARG,CA,1424,GLY,C,55252,245000,22.6
ARG768_CA-GLY1424_O,768,ARG,CA,1424,GLY,O,71292,245000,29.1
GLU769_N-GLY1424_HA3,769,GLU,N,1424,GLY,HA3,44701,245000,18.2
LYS770_N-GLN1422_HE22,770,LYS,N,1422,GLN,HE22,67301,245000,27.5
LYS770_CA-GLN1422_O,770,LYS,CA,1422,GLN,O,72660,245000,29.7
LYS770_HB3-VAL1414_HB,770,LYS,HB3,1414,VAL,HB,7923,245000,3.2
ASP771_CB-ASP1423_O,771,ASP,CB,1423,ASP,O,62888,245000,25.7
ASN772_HD22-GLN1422_O,772,ASN,HD22,1422,GLN,O,46386,245000,18.9
ASN772_C-ASP1423_HA,772,ASN,C,1423,ASP,HA,67640,245000,27.6
SER776_OG-SER1425_HB3,776,SER,OG,1425,SER,HB3,9063,245000,3.7
SER776_C-SER1425_HB2,776,SER,C,1425,SER,HB2,25404,245000,10.4
SER776_C-SER1425_OG,776,SER,C,1425,SER,OG,16375,245000,6.7
SER776_C-SER1425_HG,776,SER,C,1425,SER,HG,8698,245000,3.6
ARG777_NH2-GLU1419_HA,777,ARG,NH2,1419,GLU,HA,56263,245000,23.0
ARG777_HH21-LYS1470_HZ2,777,ARG,HH21,1470,LYS,HZ2,8345,245000,3.4
ARG777_C-LYS1470_HZ3,777,ARG,C,1470,LYS,HZ3,26147,245000,10.7
GLU778_OE1-LYS1470_HZ2,778,GLU,OE1,1470,LYS,HZ2,8582,245000,3.5
GLU778_OE2-ILE1440_HA,778,GLU,OE2,1440,ILE,HA,48813,245000,19.9
GLU778_OE2-THR1441_N,778,GLU,OE2,1441,THR,N,49796,245000,20.3
VAL783_HG12-LYS1568_HA,783,VAL,HG12,1568,LYS,HA,33827,245000,13.8
GLN817_HE21-LYS405_HE3,817,GLN,HE21,405,LYS,HE3,16244,245000,6.6
GLN817_HE22-LEU1333_C,817,GLN,HE22,1333,LEU,C,16091,245000,6.6
ARG829_HB3-PRO1324_HG3,829,ARG,HB3,1324,PRO,HG3,7647,245000,3.1
ARG829_NE-VAL1461_CG1,829,ARG,NE,1461,VAL,CG1,9830,245000,4.0
PRO832_CG-VAL1461_HG21,832,PRO,CG,1461,VAL,HG21,8297,245000,3.4
PRO832_CG-VAL1461_HG22,832,PRO,CG,1461,VAL,HG22,16600,245000,6.8
PRO832_CG-VAL1461_HG23,832,PRO,CG,1461,VAL,HG23,15942,245000,6.5
PRO832_C-LYS1460_HE2,832,PRO,C,1460,LYS,HE2,9093,245000,3.7
LEU765_HB3-VAL1427_HB,765,LEU,HB3,1427,VAL,HB,35377,245000,14.4
LEU765_CG-VAL1427_HB,765,LEU,CG,1427,VAL,HB,47223,245000,19.3
ARG767_CZ-SER1425_HB2,767,ARG,CZ,1425,SER,HB2,18016,245000,7.4
ARG768_HB3-GLY1424_O,768,ARG,HB3,1424,GLY,O,37890,245000,15.5
GLU769_HG3-GLN1422_HE22,769,GLU,HG3,1422,GLN,HE22,40208,245000,16.4
GLU769_O-GLN1422_HE22,769,GLU,O,1422,GLN,HE22,45220,245000,18.5
LYS770_N-GLN1422_HG2,770,LYS,N,1422,GLN,HG2,48371,245000,19.7
LYS770_N-GLN1422_NE2,770,LYS,N,1422,GLN,NE2,34935,245000,14.3
LYS770_H-GLN1422_O,770,LYS,H,1422,GLN,O,35986,245000,14.7
LYS770_CA-GLN1422_HG2,770,LYS,CA,1422,GLN,HG2,44360,245000,18.1
LYS770_CA-GLN1422_HE22,770,LYS,CA,1422,GLN,HE22,37461,245000,15.3
LYS770_CG-GLN1422_O,770,LYS,CG,1422,GLN,O,53256,245000,21.7
LYS770_HD3-VAL1414_HA,770,LYS,HD3,1414,VAL,HA,58436,245000,23.9
LYS770_HD3-VAL1414_O,770,LYS,HD3,1414,VAL,O,37714,245000,15.4
LYS770_CE-GLY1421_HA3,770,LYS,CE,1421,GLY,HA3,47547,245000,19.4
LYS770_HZ1-VAL1414_O,770,LYS,HZ1,1414,VAL,O,37661,245000,15.4
LYS770_HZ1-ALA1416_O,770,LYS,HZ1,1416,ALA,O,43845,245000,17.9
LYS770_HZ1-GLU1681_OE1,770,LYS,HZ1,1681,GLU,OE1,25636,245000,10.5
LYS770_HZ2-ALA1416_O,770,LYS,HZ2,1416,ALA,O,37149,245000,15.2
LYS770_HZ3-ALA1416_O,770,LYS,HZ3,1416,ALA,O,37205,245000,15.2
LYS770_C-ALA1416_O,770,LYS,C,1416,ALA,O,37195,245000,15.2
ASN772_HD22-GLY1421_O,772,ASN,HD22,1421,GLY,O,44282,245000,18.1
ARG774_NH2-VAL1418_HB,774,ARG,NH2,1418,VAL,HB,9627,245000,3.9
ARG774_HH21-VAL1418_O,774,ARG,HH21,1418,VAL,O,8384,245000,3.4
ARG774_HH22-LYS1470_HG2,774,ARG,HH22,1470,LYS,HG2,18692,245000,7.6
SER776_CB-ASP1423_OD2,776,SER,CB,1423,ASP,OD2,10699,245000,4.4
ARG777_CA-ASP1423_OD2,777,ARG,CA,1423,ASP,OD2,27833,245000,11.4
ARG777_HB3-ASP1423_OD2,777,ARG,HB3,1423,ASP,OD2,8759,245000,3.6
ARG777_HB3-LYS1470_HD3,777,ARG,HB3,1470,LYS,HD3,16392,245000,6.7
ARG777_CG-LYS1470_HD3,777,ARG,CG,1470,LYS,HD3,44023,245000,18.0
ARG777_HH21-LYS1470_HZ3,777,ARG,HH21,1470,LYS,HZ3,16806,245000,6.9
GLU778_N-LYS1470_H,778,GLU,N,1470,LYS,H,43304,245000,17.7
GLU778_HG3-LYS1470_HD3,778,GLU,HG3,1470,LYS,HD3,42269,245000,17.3
GLY782_O-ILE391_HA,782,GLY,O,391,ILE,HA,32696,245000,13.3
VAL783_HG11-LYS1568_HA,783,VAL,HG11,1568,LYS,HA,25335,245000,10.3
VAL783_HG13-LYS1568_HA,783,VAL,HG13,1568,LYS,HA,24119,245000,9.8
ILE786_CG2-LYS1568_HG3,786,ILE,CG2,1568,LYS,HG3,15735,245000,6.4
SER799_HG-ARG469_HE,799,SER,HG,469,ARG,HE,26983,245000,11.0
SER799_HG-ARG469_HH21,799,SER,HG,469,ARG,HH21,22174,245000,9.1
SER799_C-ARG469_HE,799,SER,C,469,ARG,HE,24953,245000,10.2
SER799_C-ARG469_HH21,799,SER,C,469,ARG,HH21,17949,245000,7.3
GLU801_OE1-ARG469_HH12,801,GLU,OE1,469,ARG,HH12,26104,245000,10.7
GLU801_OE1-ALA488_H,801,GLU,OE1,488,ALA,H,30756,245000,12.6
GLU801_OE2-ARG469_HH12,801,GLU,OE2,469,ARG,HH12,29037,245000,11.9
GLU801_OE2-ALA488_H,801,GLU,OE2,488,ALA,H,18117,245000,7.4
GLU801_C-ARG469_HH12,801,GLU,C,469,ARG,HH12,17510,245000,7.1
GLU801_C-ALA488_H,801,GLU,C,488,ALA,H,29180,245000,11.9
HIE802_HB3-PRO487_HB3,802,HIE,HB3,487,PRO,HB3,48657,245000,19.9
HIE802_CG-PRO487_HB3,802,HIE,CG,487,PRO,HB3,26335,245000,10.7
HIE802_CG-HIE497_HD2,802,HIE,CG,497,HIE,HD2,10717,245000,4.4
HIE802_HE2-ASP452_HB3,802,HIE,HE2,452,ASP,HB3,15922,245000,6.5
HIE802_CD2-ASP452_HB3,802,HIE,CD2,452,ASP,HB3,51452,245000,21.0
HIE802_CD2-ASP452_CG,802,HIE,CD2,452,ASP,CG,46812,245000,19.1
HIE802_CD2-ASP452_OD1,802,HIE,CD2,452,ASP,OD1,7776,245000,3.2
HIE802_C-ASP452_HB3,802,HIE,C,452,ASP,HB3,30445,245000,12.4
HIE802_C-ASP452_O,802,HIE,C,452,ASP,O,40962,245000,16.7
GLN803_CA-GLY496_O,803,GLN,CA,496,GLY,O,8681,245000,3.5
GLN803_CA-HIE497_HA,803,GLN,CA,497,HIE,HA,31033,245000,12.7
GLN803_CG-HIE497_HA,803,GLN,CG,497,HIE,HA,45495,245000,18.6
GLN803_HG3-VAL450_O,803,GLN,HG3,450,VAL,O,27487,245000,11.2
GLN803_HG3-PHE451_HA,803,GLN,HG3,451,PHE,HA,50433,245000,20.6
GLN803_HG3-ASP452_N,803,GLN,HG3,452,ASP,N,17695,245000,7.2
GLN803_HG3-ASP452_H,803,GLN,HG3,452,ASP,H,47847,245000,19.5
GLN803_C-VAL450_O,803,GLN,C,450,VAL,O,57465,245000,23.5
ILE804_N-ASN499_ND2,804,ILE,N,499,ASN,ND2,29730,245000,12.1
ILE804_N-ASN499_HD21,804,ILE,N,499,ASN,HD21,56355,245000,23.0
ILE804_CG2-ASN499_HD21,804,ILE,CG2,499,ASN,HD21,51344,245000,21.0
ASP805_N-ASN499_HD21,805,ASP,N,499,ASN,HD21,50213,245000,20.5
ASP805_CA-ARG435_HH12,805,ASP,CA,435,ARG,HH12,33141,245000,13.5
ASP805_CA-ARG435_NH2,805,ASP,CA,435,ARG,NH2,35296,245000,14.4
ASP805_CA-ARG435_HH22,805,ASP,CA,435,ARG,HH22,39842,245000,16.3
VAL807_HG23-GLU486_HG3,807,VAL,HG23,486,GLU,HG3,8123,245000,3.3
GLN817_HE21-LEU1333_O,817,GLN,HE21,1333,LEU,O,7567,245000,3.1
LYS830_HD3-HIE1458_HB2,830,LYS,HD3,1458,HIE,HB2,8377,245000,3.4
PRO834_CB-LYS1449_HD3,834,PRO,CB,1449,LYS,HD3,24191,245000,9.9
ARG838_CB-ALA854_O,838,ARG,CB,854,ALA,O,50691,245000,20.7
ARG838_CD-ASP978_OD2,838,ARG,CD,978,ASP,OD2,9310,245000,3.8
ARG838_HD3-ARG1644_HD3,838,ARG,HD3,1644,ARG,HD3,34312,245000,14.0
ARG838_HE-ASP978_OD2,838,ARG,HE,978,ASP,OD2,25262,245000,10.3
ARG838_HH22-TYR1712_HD2,838,ARG,HH22,1712,TYR,HD2,38233,245000,15.6
THR839_O-GLY855_HA2,839,THR,O,855,GLY,HA2,43925,245000,17.9
ARG840_CA-ASP1642_CG,840,ARG,CA,1642,ASP,CG,43178,245000,17.6
ARG840_C-GLU859_O,840,ARG,C,859,GLU,O,52820,245000,21.6
ARG840_C-SER860_HA,840,ARG,C,860,SER,HA,48672,245000,19.9
ALA719_O-ASN585_HD22,719,ALA,O,585,ASN,HD22,8318,245000,3.4
ALA720_N-ASN585_HD22,720,ALA,N,585,ASN,HD22,9693,245000,4.0
ALA720_N-GLY667_H,720,ALA,N,667,GLY,H,35852,245000,14.6
ALA720_CA-ASN585_HB3,720,ALA,CA,585,ASN,HB3,27470,245000,11.2
VAL721_N-ASN585_HB3,721,VAL,N,585,ASN,HB3,36672,245000,15.0
VAL721_N-GLY586_H,721,VAL,N,586,GLY,H,9580,245000,3.9
PRO722_C-GLY586_HA2,722,PRO,C,586,GLY,HA2,17769,245000,7.3
PRO722_C-GLY586_O,722,PRO,C,586,GLY,O,8776,245000,3.6
ALA726_CA-GLN589_HB3,726,ALA,CA,589,GLN,HB3,8706,245000,3.6
LEU748_HD11-TRP1479_HE1,748,LEU,HD11,1479,TRP,HE1,28407,245000,11.6
LEU748_HD12-TRP1479_HE1,748,LEU,HD12,1479,TRP,HE1,28468,245000,11.6
LEU748_HD13-TRP1479_HE1,748,LEU,HD13,1479,TRP,HE1,27860,245000,11.4
LEU748_CD2-TRP1479_HE1,748,LEU,CD2,1479,TRP,HE1,29105,245000,11.9
SER764_HG-SER1425_HB2,764,SER,HG,1425,SER,HB2,8075,245000,3.3
SER764_HG-SER1425_OG,764,SER,HG,1425,SER,OG,16907,245000,6.9
LEU765_CG-VAL1427_N,765,LEU,CG,1427,VAL,N,16611,245000,6.8
LEU765_CG-VAL1427_HA,765,LEU,CG,1427,VAL,HA,28164,245000,11.5
LYS770_HB3-VAL1414_HA,770,LYS,HB3,1414,VAL,HA,23212,245000,9.5
ARG777_NH1-LYS1470_HE2,777,ARG,NH1,1470,LYS,HE2,8185,245000,3.3
LEU779_CA-ARG1439_HE,779,LEU,CA,1439,ARG,HE,9576,245000,3.9
LEU779_HD23-GLN1565_HB3,779,LEU,HD23,1565,GLN,HB3,7749,245000,3.2
GLY782_CA-GLN1565_HE21,782,GLY,CA,1565,GLN,HE21,7825,245000,3.2
VAL783_N-MET395_H,783,VAL,N,395,MET,H,23542,245000,9.6
VAL794_H-ARG426_HB3,794,VAL,H,426,ARG,HB3,7551,245000,3.1
PRO798_HD3-ARG426_NH2,798,PRO,HD3,426,ARG,NH2,16521,245000,6.7
GLU801_N-ARG469_HH21,801,GLU,N,469,ARG,HH21,9410,245000,3.8
GLU801_CB-ARG469_HH22,801,GLU,CB,469,ARG,HH22,10936,245000,4.5
GLU801_OE1-ARG469_HH22,801,GLU,OE1,469,ARG,HH22,32797,245000,13.4
GLU801_C-ARG469_HH22,801,GLU,C,469,ARG,HH22,26982,245000,11.0
HIE802_CG-HIE497_HE1,802,HIE,CG,497,HIE,HE1,7664,245000,3.1
HIE802_CD2-ASP452_OD2,802,HIE,CD2,452,ASP,OD2,27910,245000,11.4
HIE802_C-PRO487_HB3,802,HIE,C,487,PRO,HB3,7602,245000,3.1
GLN803_N-GLY496_HA2,803,GLN,N,496,GLY,HA2,15318,245000,6.3
GLN803_HE21-VAL450_O,803,GLN,HE21,450,VAL,O,24624,245000,10.1
ASP805_CA-ARG435_CZ,805,ASP,CA,435,ARG,CZ,8478,245000,3.5
ASP805_CA-ARG435_NH1,805,ASP,CA,435,ARG,NH1,17798,245000,7.3
PRO810_CB-CYS472_HA,810,PRO,CB,472,CYS,HA,19085,245000,7.8
GLU823_CA-ARG1378_NH2,823,GLU,CA,1378,ARG,NH2,7671,245000,3.1
ARG825_HG3-CYS1325_HB3,825,ARG,HG3,1325,CYS,HB3,10052,245000,4.1
ARG825_HH21-GLU1327_OE2,825,ARG,HH21,1327,GLU,OE2,8108,245000,3.3
ARG829_NE-ARG1377_NH2,829,ARG,NE,1377,ARG,NH2,7900,245000,3.2
LYS830_HB3-LYS1460_HA,830,LYS,HB3,1460,LYS,HA,10079,245000,4.1
LYS830_HD3-HIE1458_O,830,LYS,HD3,1458,HIE,O,8306,245000,3.4
PRO832_HD3-GLU1525_OE2,832,PRO,HD3,1525,GLU,OE2,7853,245000,3.2
PRO833_HD3-LYS1460_HD2,833,PRO,HD3,1460,LYS,HD2,15871,245000,6.5
PRO835_N-THR1451_HG1,835,PRO,N,1451,THR,HG1,9336,245000,3.8
PRO835_CA-THR1452_HG1,835,PRO,CA,1452,THR,HG1,17905,245000,7.3
PRO835_C-THR1451_OG1,835,PRO,C,1451,THR,OG1,16198,245000,6.6
PRO835_C-THR1451_HG1,835,PRO,C,1451,THR,HG1,21403,245000,8.7
PRO836_CG-THR1452_H,836,PRO,CG,1452,THR,H,16705,245000,6.8
PRO836_CB-THR1452_O,836,PRO,CB,1452,THR,O,24997,245000,10.2
PRO836_C-ALA854_CB,836,PRO,C,854,ALA,CB,8833,245000,3.6
PRO836_C-ALA854_HB1,836,PRO,C,854,ALA,HB1,18418,245000,7.5
PRO836_C-ALA854_HB2,836,PRO,C,854,ALA,HB2,18536,245000,7.6
PRO836_C-ALA854_HB3,836,PRO,C,854,ALA,HB3,18450,245000,7.5
SER837_C-ASP978_HB3,837,SER,C,978,ASP,HB3,25691,245000,10.5
ARG838_CB-GLY855_O,838,ARG,CB,855,GLY,O,8564,245000,3.5
ARG838_HB3-ARG1644_HD3,838,ARG,HB3,1644,ARG,HD3,19770,245000,8.1
ARG838_CG-SER856_HA,838,ARG,CG,856,SER,HA,39450,245000,16.1
ARG838_HG3-SER856_HA,838,ARG,HG3,856,SER,HA,41913,245000,17.1
ARG838_CD-THR977_HA,838,ARG,CD,977,THR,HA,28127,245000,11.5
THR839_N-SER856_HB2,839,THR,N,856,SER,HB2,27225,245000,11.1
THR839_H-ALA854_O,839,THR,H,854,ALA,O,27404,245000,11.2
THR839_CA-ALA854_O,839,THR,CA,854,ALA,O,43036,245000,17.6
THR839_CB-ASP1642_CG,839,THR,CB,1642,ASP,CG,30627,245000,12.5
ARG840_H-GLY855_HA2,840,ARG,H,855,GLY,HA2,19013,245000,7.8
ARG840_H-ASP1642_OD2,840,ARG,H,1642,ASP,OD2,8022,245000,3.3
ARG840_CB-TYR853_HB3,840,ARG,CB,853,TYR,HB3,37841,245000,15.4
ARG840_HB3-LYS1640_HB3,840,ARG,HB3,1640,LYS,HB3,21570,245000,8.8
ARG840_HB3-LYS1640_HD2,840,ARG,HB3,1640,LYS,HD2,9444,245000,3.9
ARG840_CG-LYS1640_HD2,840,ARG,CG,1640,LYS,HD2,9935,245000,4.1
ARG840_HG2-GLY855_HA3,840,ARG,HG2,855,GLY,HA3,7892,245000,3.2
ARG840_HG3-TYR853_HB3,840,ARG,HG3,853,TYR,HB3,32153,245000,13.1
ARG840_HG3-GLY855_HA3,840,ARG,HG3,855,GLY,HA3,21441,245000,8.8
ARG840_CD-GLY855_CA,840,ARG,CD,855,GLY,CA,20341,245000,8.3
ARG840_CD-GLY855_HA2,840,ARG,CD,855,GLY,HA2,33861,245000,13.8
ARG840_CD-GLY855_HA3,840,ARG,CD,855,GLY,HA3,34370,245000,14.0
ARG840_CD-ASP1642_OD1,840,ARG,CD,1642,ASP,OD1,19081,245000,7.8
ARG840_CZ-GLU973_OE1,840,ARG,CZ,973,GLU,OE1,25668,245000,10.5
ARG840_CZ-GLU973_OE2,840,ARG,CZ,973,GLU,OE2,25154,245000,10.3
ARG840_HH11-SER856_H,840,ARG,HH11,856,SER,H,27553,245000,11.2
ARG840_HH11-ASP1642_OD1,840,ARG,HH11,1642,ASP,OD1,8802,245000,3.6
ARG840_HH12-SER856_H,840,ARG,HH12,856,SER,H,41906,245000,17.1
ARG840_HH12-ASP1642_CG,840,ARG,HH12,1642,ASP,CG,30591,245000,12.5
ARG840_HH12-ASP1642_OD1,840,ARG,HH12,1642,ASP,OD1,27119,245000,11.1
ARG840_NH2-SER856_H,840,ARG,NH2,856,SER,H,27194,245000,11.1
ARG840_NH2-SER856_HB3,840,ARG,NH2,856,SER,HB3,24962,245000,10.2
ARG840_NH2-GLU859_O,840,ARG,NH2,859,GLU,O,28346,245000,11.6
ARG840_HH21-GLU859_O,840,ARG,HH21,859,GLU,O,38981,245000,15.9
ARG840_C-GLU859_C,840,ARG,C,859,GLU,C,16841,245000,6.9
PRO717_HD3-ASN585_HD21,717,PRO,HD3,585,ASN,HD21,16661,245000,6.8
PRO717_HD3-ARG703_HD2,717,PRO,HD3,703,ARG,HD2,19951,245000,8.1
GLU718_N-ASN585_ND2,718,GLU,N,585,ASN,ND2,17113,245000,7.0
GLU718_N-ASN585_HD21,718,GLU,N,585,ASN,HD21,25769,245000,10.5
ALA720_N-GLY666_HA3,720,ALA,N,666,GLY,HA3,22925,245000,9.4
ALA720_CA-GLY666_HA3,720,ALA,CA,666,GLY,HA3,20563,245000,8.4
VAL721_N-ASN585_ND2,721,VAL,N,585,ASN,ND2,19905,245000,8.1
VAL721_N-ASN585_HD22,721,VAL,N,585,ASN,HD22,25902,245000,10.6
ALA727_N-GLN589_HE22,727,ALA,N,589,GLN,HE22,7936,245000,3.2
SER764_HB3-VAL1427_HB,764,SER,HB3,1427,VAL,HB,7791,245000,3.2
LYS770_N-GLY1424_HA3,770,LYS,N,1424,GLY,HA3,7825,245000,3.2
LEU779_HD23-ARG1439_HB3,779,LEU,HD23,1439,ARG,HB3,15147,245000,6.2
VAL783_CG1-LYS1568_HB3,783,VAL,CG1,1568,LYS,HB3,7654,245000,3.1
SER799_HG-ARG469_HH11,799,SER,HG,469,ARG,HH11,22042,245000,9.0
SER799_C-ARG469_HH11,799,SER,C,469,ARG,HH11,20018,245000,8.2
GLU801_OE2-ARG469_NH1,801,GLU,OE2,469,ARG,NH1,11173,245000,4.6
GLU801_OE2-ARG469_NH2,801,GLU,OE2,469,ARG,NH2,10754,245000,4.4
GLU801_OE2-ARG469_HH22,801,GLU,OE2,469,ARG,HH22,23277,245000,9.5
GLU801_C-PRO487_HA,801,GLU,C,487,PRO,HA,9039,245000,3.7
PRO808_HD3-ARG469_HD2,808,PRO,HD3,469,ARG,HD2,9519,245000,3.9
PRO810_HD3-CYS471_HB2,810,PRO,HD3,471,CYS,HB2,8453,245000,3.5
ARG829_CG-PRO1324_HD2,829,ARG,CG,1324,PRO,HD2,21036,245000,8.6
ARG838_CG-SER856_HB2,838,ARG,CG,856,SER,HB2,16089,245000,6.6
ARG838_HH21-HIE1275_HE2,838,ARG,HH21,1275,HIE,HE2,17650,245000,7.2
ARG840_HD3-ALA1641_O,840,ARG,HD3,1641,ALA,O,9383,245000,3.8
PRO717_HD3-ASN585_OD1,717,PRO,HD3,585,ASN,OD1,7885,245000,3.2
PRO722_CA-GLN589_HE21,722,PRO,CA,589,GLN,HE21,9056,245000,3.7
PRO722_C-GLY586_H,722,PRO,C,586,GLY,H,11231,245000,4.6
ALA723_CA-GLY586_HA2,723,ALA,CA,586,GLY,HA2,7572,245000,3.1
ALA726_N-GLN589_HB3,726,ALA,N,589,GLN,HB3,11021,245000,4.5
ALA726_N-GLN589_HE22,726,ALA,N,589,GLN,HE22,9914,245000,4.0
ALA726_CA-GLN589_HE22,726,ALA,CA,589,GLN,HE22,11316,245000,4.6
LEU748_CG-TRP1550_HH2,748,LEU,CG,1550,TRP,HH2,12599,245000,5.1
SER776_CB-ASP1423_OD1,776,SER,CB,1423,ASP,OD1,12538,245000,5.1
SER776_C-SER1425_HB3,776,SER,C,1425,SER,HB3,7709,245000,3.1
ARG777_H-ASP1423_OD1,777,ARG,H,1423,ASP,OD1,8659,245000,3.5
ARG777_CA-ASP1423_OD1,777,ARG,CA,1423,ASP,OD1,14122,245000,5.8
ARG777_HB3-ASP1423_OD1,777,ARG,HB3,1423,ASP,OD1,9645,245000,3.9
LEU779_CB-THR1441_OG1,779,LEU,CB,1441,THR,OG1,7862,245000,3.2
TRP793_CE3-GLN429_H,793,TRP,CE3,429,GLN,H,7815,245000,3.2
GLU801_N-ARG469_NH1,801,GLU,N,469,ARG,NH1,7617,245000,3.1
GLU801_N-ARG469_HH12,801,GLU,N,469,ARG,HH12,9834,245000,4.0
HIE802_CG-HIE497_HE2,802,HIE,CG,497,HIE,HE2,7728,245000,3.2
ILE804_CG2-ASN499_ND2,804,ILE,CG2,499,ASN,ND2,9415,245000,3.8
VAL809_CB-CYS472_HB2,809,VAL,CB,472,CYS,HB2,9051,245000,3.7
VAL809_CG1-LYS475_HB3,809,VAL,CG1,475,LYS,HB3,7925,245000,3.2
PRO810_HD3-CYS472_O,810,PRO,HD3,472,CYS,O,13533,245000,5.5
PRO810_HG3-TRP476_HB2,810,PRO,HG3,476,TRP,HB2,11817,245000,4.8
PRO810_HB3-TRP476_HB2,810,PRO,HB3,476,TRP,HB2,9112,245000,3.7
PRO811_N-LYS475_HB3,811,PRO,N,475,LYS,HB3,9282,245000,3.8
ALA812_N-TRP476_HA,812,ALA,N,476,TRP,HA,9967,245000,4.1
ALA812_N-TRP476_HD1,812,ALA,N,476,TRP,HD1,11204,245000,4.6
ALA812_CB-TRP476_HA,812,ALA,CB,476,TRP,HA,13584,245000,5.5
PRO813_HD3-TRP476_O,813,PRO,HD3,476,TRP,O,8619,245000,3.5
SER820_HB3-GLU1329_HG3,820,SER,HB3,1329,GLU,HG3,7862,245000,3.2
PRO835_CB-PHE1450_O,835,PRO,CB,1450,PHE,O,7677,245000,3.1
ARG838_C-HIE1275_HE2,838,ARG,C,1275,HIE,HE2,8087,245000,3.3
ARG838_C-VAL1711_C,838,ARG,C,1711,VAL,C,7804,245000,3.2
ARG838_C-TYR1712_HA,838,ARG,C,1712,TYR,HA,8927,245000,3.6
ARG840_CZ-GLU973_CD,840,ARG,CZ,973,GLU,CD,8418,245000,3.4
ARG840_HH11-ASP1642_OD2,840,ARG,HH11,1642,ASP,OD2,7548,245000,3.1
ARG840_HH12-ASP1642_OD2,840,ARG,HH12,1642,ASP,OD2,9018,245000,3.7
